Correlation	NRMSE
ABCC1.NP_004987.2:s930	0.604648670748396	0.167181338471663
ABCF1.NP_001020262.1:s109	0.430212158999616	0.197187702375394
ABCF1.NP_001020262.1:s228	0.380056823931216	0.186983257115326
ABI1.NP_001012768.1:s183	0.514486609791328	0.138363306498837
ABI2.NP_001269854.1:s183	0.528435152838151	0.168050618847065
ABLIM1.NP_001309811.1:s610	0.472324576540577	0.195876600444665
ACAP2.NP_036419.3:s521	0.319226453449462	0.248140180540421
ACIN1.NP_001158286.1:s490	0.101620706209158	0.238266726936571
ACIN1.NP_001158286.1:s657	-0.0566259248804098	0.220302664422078
ACIN1.NP_001158286.1:s710	0.323308239575604	0.163661656308443
ACIN1.NP_001158286.1:s729	0.439913361009074	0.186650117492781
ACIN1.NP_001158286.1:s825	-0.170996448337604	0.268348766628052
ACIN1.NP_001158286.1:s991	0.312078278637871	0.263515553671842
ACLY.NP_001087.2:s481	0.619987314312246	0.159789253368879
ACSS2.NP_001070020.2:s267	0.399406600752342	0.19441299447256
ADAM17.NP_003174.3:s791	0.360641556008687	0.169218930807481
ADAM17.NP_003174.3:t735	0.480307155773764	0.216014020427667
ADD3.NP_001112.2:s645	0.176686157224252	0.270145449167367
ADD3.NP_001112.2:s649	0.296710295847267	0.189506543777175
ADNP.NP_001269460.1:s709	0.255212844102319	0.212195259614714
ADRA2A.NP_000672.3:s346	0.680364548952796	0.178275105219734
AEBP2.NP_001107648.1:s206	0.423578945122593	0.223549843045758
AFF4.NP_055238.1:t674	0.144626783591236	0.207544323093584
AHCTF1.NP_001310271.1:s1160	0.332769805966995	0.205921266238362
AHCTF1.NP_001310271.1:s1232	0.115692743587706	0.227072776118292
AHNAK.NP_001333374.1:s1068	0.346261887157557	0.230584095600617
AHNAK.NP_001333374.1:s135	0.296431185480094	0.248788652122209
AHNAK.NP_001333374.1:s210	0.188774294372872	0.154865686109477
AHNAK.NP_001333374.1:s216	0.227567922632828	0.164414358225088
AHNAK.NP_001333374.1:s2580	0.36438641727079	0.243464687596839
AHNAK.NP_001333374.1:s332	0.411531337539294	0.184863293419143
AHNAK.NP_001333374.1:s3426	0.470698097028655	0.152262779749085
AHNAK.NP_001333374.1:s4002	0.36438641727079	0.243464687596839
AHNAK.NP_001333374.1:s4258	0.36438641727079	0.243464687596839
AHNAK.NP_001333374.1:s4460	0.36438641727079	0.243464687596839
AHNAK.NP_001333374.1:s5031	0.363349146128309	0.192676997355216
AHNAK.NP_001333374.1:s5110	0.526951180977176	0.173160809607567
AHNAK.NP_001333374.1:s5332	0.434952347254472	0.203670984731828
AHNAK.NP_001333374.1:s5448	0.432693491038725	0.183222743795404
AHNAK.NP_001333374.1:s5731	0.226416452324974	0.195725223324359
AHNAK.NP_001333374.1:s5739	0.151223098076447	0.19800182419177
AHNAK.NP_001333374.1:s5752	0.45300144114001	0.19953231049849
AHNAK.NP_001333374.1:s5841	0.209692070503362	0.149470512134772
AHNAK.NP_001333374.1:s698	0.415580904132255	0.275695785907689
AHNAK.NP_001333374.1:s93	0.196036384558889	0.200999513600815
AHNAK.NP_001333374.1:t158	0.206584425427828	0.215852164850354
AHNAK.NP_001333374.1:t4100	0.341431172110878	0.176043061027601
AHNAK.NP_001333374.1:t4564	0.256705496326683	0.209147956424827
AHSG.NP_001613.2:s138	0.683741058226068	0.141463466617476
AHSG.NP_001613.2:s330	0.777714995983414	0.148519096642989
AJUBA.NP_001276026.1:s263	0.535022502605801	0.176882787191073
AKAP1.NP_001229831.1:s592	0.605234544969199	0.218858397104122
AKAP11.NP_057332.1:s1580	0.012450219381046	0.250683801514524
AKAP12.NP_005091.2:s1674	0.760293962209332	0.133818382217281
AKAP12.NP_005091.2:s612	0.759460723180135	0.148250469322104
AKAP13.NP_006729.4:s1933	0.620817446544714	0.18727199634012
AKAP13.NP_006729.4:t2415	0.135298835683988	0.201197778086732
AKAP13.NP_006729.4:t2471	0.487182349311527	0.204803650623431
ALDOA.NP_000025.1:s36	0.210990644952552	0.215031832828477
ALKBH5.NP_060228.3:s361	0.349400525772218	0.19616744455015
ALS2.NP_065970.2:s466	0.253886166733293	0.19414906352209
AMOT.NP_001106962.1:s714	0.398517648728228	0.137182128704353
AMOTL1.NP_001287936.1:s856	0.445176985959849	0.165115334315163
ANKIB1.NP_061877.1:s737	0.180765225655586	0.187034771154232
ANKLE2.NP_055929.1:s662	0.0101019292612682	0.13655752639572
ANKS1A.NP_056060.2:s887	0.412186132567821	0.202779947212819
ANP32A.NP_006296.1:t15	0.595676127365184	0.140705715562687
ANXA2.NP_001002857.1:s12	0.470932234798839	0.184962685038068
ANXA2.NP_001002857.1:t19	0.701253652632222	0.15883032081211
AP3B1.NP_001258698.1:s227	0.0158945598690978	0.259212755864454
AP3D1.NP_001248755.1:s658	0.012490164928161	0.16143421483159
APIP.NP_057041.2:s87	0.0520625599299597	0.220303346524959
ARAF.NP_001645.1:s582	0.410398507412923	0.242870327939658
ARFGAP1.NP_001268412.1:t136	0.348813058004209	0.215555785292489
ARFGEF1.NP_006412.2:s1569	0.530144579968525	0.188669779208439
ARGLU1.NP_060481.3:s77	0.250941742734122	0.223309657335374
ARHGAP12.NP_001257624.1:t634	0.0810943509077467	0.296886048843027
ARHGAP17.NP_001006635.1:s484	0.564690434469661	0.159158272471236
ARHGAP21.NP_065875.3:s924	0.472784618838618	0.18932484681214
ARHGAP25.NP_001007232.2:s363	0.415146101241548	0.199692309402944
ARHGAP28.NP_001010000.1:s477	0.449752544916255	0.186675867829535
ARHGAP29.NP_001315593.1:s1019	0.273352054287393	0.226586565225409
ARHGAP29.NP_001315593.1:s519	0.603339052435326	0.168493103906304
ARHGAP29.NP_001315593.1:s552	0.118467255789243	0.260861691896544
ARHGAP29.NP_001315593.1:s559	0.530865169161155	0.206636049275719
ARHGAP31.NP_065805.2:s1178	0.412773504216895	0.183064022359776
ARHGAP4.NP_001158213.1:s900	0.804008485520907	0.15245441974764
ARHGEF11.NP_055599.1:t1462	0.303482758362501	0.239224575230273
ARHGEF16.NP_055263.2:s107	0.410910419853914	0.211871343695456
ARHGEF17.NP_055601.2:s1002	0.533593613102783	0.169366622470911
ARHGEF17.NP_055601.2:s546	0.329456091502591	0.216968902888994
ARHGEF2.NP_001155855.1:s151	0.52669701170691	0.221659174708645
ARHGEF5.NP_005426.2:s1044	0.280940743501134	0.171951609666619
ARHGEF5.NP_005426.2:s57	0.403547513238477	0.207344658685512
ARHGEF7.NP_001307781.1:s497	0.415718677807588	0.21991104668438
ARHGEF7.NP_001307781.1:s717	0.0360644675283874	0.237081216006255
ARID1A.NP_006006.3:s1184	0.147452006231614	0.197223515325266
ARID1A.NP_006006.3:s363	0.402278499451385	0.17711461800526
ARID1A.NP_006006.3:s696	0.399754046272074	0.187271828701535
ARID1B.NP_001333742.1:s502	0.39154088014291	0.242819717716857
ARID5B.NP_001231567.1:s789	0.202468007345222	0.277299512391903
ARMCX3.NP_057691.1:s110	0.633057569875968	0.151010859114679
ARPP19.NP_001293120.1:s123	-0.138817585821199	0.240601075147901
ARPP19.NP_001293120.1:s81	0.263391030498531	0.253389307965939
ASAP1.NP_001234925.1:s1020	0.551207925995919	0.202881354518567
ASAP1.NP_001234925.1:s832	0.327164588479391	0.230692777038765
ASAP1.NP_001234925.1:s836	0.456384358920042	0.21217314002228
ATF7IP.NP_001273443.1:s113	0.280882557376612	0.211314101525042
ATF7IP.NP_001273443.1:s558	0.303065127318293	0.175569094021925
ATL1.NP_001121185.1:s10	0.575853801979066	0.231242242805303
ATN1.NP_001007027.1:s34	0.222384334665869	0.262983437038159
ATN1.NP_001007027.1:s645	0.369678071234171	0.22378167676315
ATP13A3.NP_078800.3:s817	0.528829070847549	0.191383944866438
ATXN1L.NP_001131147.1:t330	0.312321728329381	0.179145160861524
BAD.NP_004313.1:s118	-0.161198973065067	0.307115100151632
BAD.NP_004313.1:s75	0.469911833189052	0.181610837881639
BAD.NP_004313.1:s99	0.136417369476959	0.176558860982362
BAD.NP_004313.1:y76	0.360480335650761	0.19249158020671
BAG3.NP_004272.2:s289	0.366081233925441	0.200078850136064
BAG6.NP_001092004.1:s958	0.319936269259115	0.213165175200913
BAG6.NP_001092004.1:s967	0.225386592617178	0.145699610957009
BAIAP2.NP_001138360.1:s446	0.579940178625026	0.173598138121942
BAP1.NP_004647.1:s292	0.336112123724688	0.17401565149777
BAZ1A.NP_038476.2:s1413	0.303811809800789	0.245043768663188
BBX.NP_001136040.1:s844	0.305081624035816	0.197249740847102
BCAR3.NP_001248337.1:s290	0.647024580400933	0.161615651168977
BCKDHA.NP_000700.1:s337	0.506059722935143	0.197323066283795
BCKDHA.NP_000700.1:s347	0.418541075392608	0.222457605344421
BCL11A.XP_011531212.1:s205	0.580288255396983	0.162292774505836
BCL2L12.NP_619580.1:s242	0.341175793946057	0.209859620959316
BCL9.NP_004317.2:s917	0.456907317846815	0.209599910135538
BCLAF1.NP_001287967.1:s175	0.160395764967998	0.15942391559935
BCLAF1.NP_001287967.1:s266	0.0116389872019538	0.203965304534225
BCLAF1.NP_001287967.1:s283	0.510288712768799	0.159448390759308
BCLAF1.NP_001287967.1:s283s288	0.275043612608692	0.186743924335714
BCLAF1.NP_001287967.1:s288	0.422093362329754	0.155774320137254
BCLAF1.NP_001287967.1:s395	0.0464894258879463	0.260784018934055
BCLAF1.NP_001287967.1:s494	0.392637447144104	0.1737372642719
BCLAF1.NP_001287967.1:s510	0.149307919875575	0.240620628353804
BCLAF1.NP_001287967.1:s646	0.536636887229867	0.14931247324859
BCLAF1.NP_001287967.1:y509	0.217653919097523	0.277033379730687
BIN2.NP_001276936.1:s436	0.604187511321821	0.176105538167515
BMP2K.NP_942595.1:s1029	0.170748224908781	0.257652459629703
BNIP2.NP_001307603.1:s235	-0.0197376007341007	0.284947944946613
BOD1L1.NP_683692.2:s1077	0.354540604418306	0.196430420255127
BORCS6.NP_060092.2:t196	0.135379792875945	0.21078126235332
BRD4.NP_490597.1:s601	0.462507674856029	0.125745120676244
BUD13.NP_116114.1:s271	0.0838426161328968	0.187322555396599
BUD13.NP_116114.1:s325	0.221890002264181	0.221269991273709
BUD13.NP_116114.1:t159	0.24352550506425	0.208289418966344
C17orf49.NP_001136270.1:s96	0.612425516730517	0.195149819816247
C19orf47.NP_001243369.1:s151	0.516873621126571	0.155515267682999
C1orf198.NP_116189.1:s175	0.438545134550218	0.246601730273186
C2CD2.NP_056315.1:s435	-0.0522615045527889	0.249372019550357
C6orf132.NP_001157918.1:t297	0.397637340385935	0.178329650852618
CAD.NP_001293008.1:s1343	0.157542914839996	0.194837327625446
CAD.NP_001293008.1:s1796	0.483811215960989	0.166691164195557
CALD1.NP_149129.2:s202	0.319046293242079	0.191097943470291
CALD1.NP_149129.2:s783	0.704074464304432	0.175782938957778
CALD1.NP_149131.1:s196	0.580549623394604	0.163280867806518
CALD1.NP_149131.1:s522	0.681123389794644	0.182303105774771
CAMK2D.NP_001212.2:t287	0.503556643570537	0.228536488181281
CAMSAP1.NP_056262.3:s563	0.45301450367203	0.199768041177285
CAMSAP2.NP_001284636.1:s1019	0.117186021397299	0.23886624928445
CAMSAP2.NP_001284636.1:s1148	0.360961565420015	0.150793389899971
CAMSAP2.NP_001284636.1:s464	0.369526118523085	0.206697563042188
CAMSAP3.NP_065953.1:s368	0.209859360325369	0.228305898316235
CANX.NP_001019820.1:s554	0.49783940240119	0.216476228839897
CANX.NP_001019820.1:s564	0.432187077422281	0.150581395675724
CANX.NP_001019820.1:s583	0.694957354557976	0.152098115682825
CARD11.NP_001311210.1:s886	0.65973000289301	0.209282971267481
CARHSP1.NP_001035941.1:s41	0.51221430891973	0.207809049647852
CARMIL1.NP_001167448.1:s1101	0.373422333718317	0.180046123961935
CASC3.NP_031385.2:s148	0.176994667848482	0.229950845487248
CASC3.NP_031385.2:s265	-0.0725579585111793	0.197523740359593
CAV1.NP_001744.2:s37	0.712037479273276	0.156571741596753
CAV1.NP_001744.2:s9	0.512090765750685	0.199913979345698
CAVIN1.NP_036364.2:t302	0.491429252119742	0.198974009476263
CAVIN2.NP_004648.1:s293	0.527560838514501	0.203466132971945
CBFB.NP_074036.1:s173	0.476893730698623	0.225041953145781
CBX3.NP_009207.2:s95	0.295377933245637	0.272392194850372
CBY1.NP_001002880.2:s63	0.393366860518739	0.188217494111528
CCDC130.NP_001307490.1:s362	0.574957426964068	0.171169544267211
CCDC6.NP_005427.2:s244	0.259587856745183	0.171083503218042
CCDC6.NP_005427.2:s419	0.290778242971593	0.175619883314117
CCDC85C.NP_001138467.1:s258	0.136736102705089	0.235065646529304
CCDC86.NP_077003.1:s18	0.388805945576582	0.185850257253201
CCDC86.NP_077003.1:s47	0.182490262617612	0.208314018975216
CCDC86.NP_077003.1:s58	0.315675341187252	0.192389000499826
CCDC88A.NP_001129069.1:s1416	0.315259017777445	0.209226076084153
CCDC88C.NP_001073883.2:s227	0.486500462921473	0.192140406410628
CCDC92.NP_001291886.1:s211	0.468650822834091	0.189534792585311
CCNK.NP_001092872.1:s340	-0.00661225491267307	0.26318310987707
CCNL2.NP_001307082.1:s147	0.379290164924876	0.222377270878971
CCNY.NP_659449.3:s326	0.150238708245304	0.257385133775023
CCNYL1.NP_001317147.1:s344	0.293295268930644	0.195862552357366
CD248.NP_065137.1:s746	0.616713360292677	0.176887115175152
CD44.NP_000601.3:s697	0.660068210330669	0.135663376623569
CD44.NP_000601.3:s706	0.377463306438565	0.222372255921975
CDC42BPB.NP_006026.3:s1690	0.279799841196261	0.165967668280196
CDC42EP1.NP_689449.1:s192	0.583603338434498	0.160155715366504
CDC42EP4.NP_036253.2:s11	0.381821934568068	0.191692963422077
CDCA3.NP_112589.1:s68	0.557298640019504	0.171045802050546
CDCA5.NP_542399.1:s75	0.262016949754266	0.182785135268519
CDK13.NP_003709.3:s525	0.277732178410972	0.229916755261374
CDK13.NP_003709.3:t1246	0.347928847207186	0.223204251169776
CDK14.NP_001274064.1:s95	0.547228104198439	0.207272714538298
CDK16.NP_001163931.1:s193	0.391086998890805	0.210285159564743
CDK16.NP_001163931.1:s227	0.576631722124157	0.198432255946999
CDK17.NP_001163935.1:s137	-0.149304730798138	0.212737770706439
CDK17.NP_001163935.1:s146	0.186980782761104	0.214192546441665
CDK17.NP_001163935.1:s180	-0.0106062701189999	0.199184531989527
CDK18.NP_002587.2:s132	0.174348087662646	0.226549169617615
CDK18.NP_002587.2:s14	0.392741812959679	0.189207053695271
CDK18.NP_002587.2:s89	0.492686533221793	0.17306081646096
CDK18.NP_002587.2:s98	0.257100593613603	0.193040561086414
CDR2L.NP_055418.2:t154	0.459083213979466	0.212666327259235
CDR2L.NP_055418.2:t157	0.33195679465218	0.218572568909407
CELSR2.NP_001399.1:s2823	0.699126299494651	0.203237177636738
CENPF.NP_057427.3:s3054	0.618865254398235	0.165393408495604
CEP135.NP_079285.2:t1121	0.34947925670689	0.1868543987434
CEP170.NP_055627.2:s1529	-0.0208534750470987	0.242724096466828
CEP170.NP_055627.2:s667	0.264460556330946	0.230350087751148
CETN2.NP_004335.1:s20	0.528655100745692	0.16644504705354
CGN.NP_065821.1:s137	0.307783893704329	0.218159565921938
CGN.NP_065821.1:s258	0.370007342228337	0.193174570688898
CGNL1.NP_001239264.1:s283	0.522792804861445	0.178349298077791
CHAMP1.NP_001157616.1:s405	0.433259006393879	0.224204655022504
CHAMP1.NP_001157616.1:s416	0.399046274786567	0.208096458673056
CHCHD3.NP_001304106.1:s50	0.314604290056782	0.216886432018316
CHD8.NP_001164100.1:s1995	0.550530972047427	0.174104887226852
CIC.NP_001291744.1:s1082	0.277587885033617	0.178792903521074
CIC.NP_001291744.1:s768	-0.110640747599586	0.243969903017841
CIC.NP_001291744.1:t472	0.0417842255697085	0.130881438058518
CLASP2.NP_001193973.1:s370	0.172757953106998	0.25195642389994
CLINT1.NP_001182484.1:t308	0.400427455113651	0.197681465138267
CLIP1.NP_001234926.1:s348	0.306373898776783	0.240931462626072
CLIP2.NP_003379.3:s352	0.0838661184720423	0.253395198692686
CLN3.NP_000077.1:s12	0.327935787243926	0.214377586343692
CLN6.NP_060352.1:s31	0.38858774753123	0.179011967671334
CLTC.NP_001275582.1:t398	0.0396802131432531	0.291494528977055
COBLL1.NP_001265387.1:s392	0.609972545972868	0.172408012702728
COIL.NP_004636.1:s271	0.632767572504229	0.215238410744658
COPB2.NP_004757.1:s859	0.365308707435915	0.183050894938878
COPE.NP_001317398.1:s99	0.317470391146387	0.18487079384638
CPSF7.NP_001129512.1:t203	0.411087923679271	0.223572696363152
CRMP1.NP_001304.1:s8	0.633454556306493	0.167310368499402
CRTC2.NP_859066.1:s613	0.0250978289961248	0.247565567469413
CRTC3.NP_001036039.1:s391	0.0895300525382329	0.2251896419278
CRTC3.NP_001036039.1:s62	-0.138786670875197	0.176137978800928
CRYBG3.NP_705833.3:s395	0.614739364198922	0.172092330882297
CTNNB1.NP_001091679.1:s191	0.457377915380043	0.172706961945959
CTNNB1.NP_001091679.1:s552	0.480793149603601	0.223027483028699
CTNND1.NP_001078929.1:s225	0.337229737620031	0.140695358510433
CTNND1.NP_001078929.1:s230	0.298909671551052	0.216214211183099
CTNND1.NP_001078929.1:s252	0.463771211033726	0.208760049092355
CTNND1.NP_001078929.1:s268	0.334858977758733	0.19807516595895
CTNND1.NP_001078929.1:s346	0.0522932088649057	0.234670639688639
CTNND1.NP_001078929.1:s47	0.200325096017035	0.161004871190376
CTNND1.NP_001078929.1:s858	0.403801875623695	0.202716519200777
CTTN.NP_005222.2:s261	0.418365813449965	0.22091832936972
CTTN.NP_005222.2:s418	0.219680268813752	0.227015457146746
CTTN.NP_005222.2:t401	0.184291345704752	0.21825278539792
CTTNBP2NL.NP_061174.1:s568	0.304059398374677	0.223368834269949
CUL4A.NP_001008895.1:s10	0.261441215928597	0.183393074430062
CUL9.NP_055904.1:s1457	-0.0394164803095803	0.244590857399788
CYBRD1.NP_001243838.1:t183	0.492406131833622	0.18402294129788
DBN1.NP_004386.2:s141	0.113444953116138	0.24188707275267
DBN1.NP_004386.2:s142	0.676541956006221	0.153126411799599
DBNL.NP_001014436.1:s269	0.077877850168233	0.221632007697813
DBNL.NP_001014436.1:s283	0.358941484440089	0.176187298812694
DCDC2.NP_001182539.1:s300	0.456544031446361	0.188039860413823
DCP1A.NP_001277133.1:s487	0.291624840622514	0.189735757136709
DCP1B.NP_689853.3:s147	0.371875292218806	0.204817751734965
DCUN1D5.NP_115675.1:s9	0.243906708206963	0.216562704593256
DDA1.NP_076955.1:s33	0.168370707917859	0.19630064895305
DDX21.NP_004719.2:s121	0.827910495049421	0.147979263791125
DDX24.NP_065147.1:s82	0.315903812700648	0.172860149996648
DDX51.NP_778236.2:s83	0.210812066966002	0.197640685254008
DEK.NP_003463.1:s32	0.252494646848799	0.16284721084783
DENND1A.NP_065997.1:s592	0.126012957413445	0.220865427535842
DENND4B.NP_055671.2:s1092	0.21868232660011	0.211514470990043
DENND4C.NP_001317569.1:s1038	0.0882316998526843	0.235986856332781
DENND4C.NP_001317569.1:s1148	0.159619389628214	0.21909702961618
DENND4C.NP_001317569.1:s1233	0.333804489605519	0.204818793690561
DFFA.NP_004392.1:s315	0.570968389171713	0.164917443142008
DGCR8.NP_001177255.1:s377	0.491754831655401	0.220198465525589
DGCR8.NP_001177255.1:s95	0.293414951117344	0.191581077590623
DHCR7.NP_001157289.1:s14	0.401029814418559	0.195762258979486
DHX8.NP_001289552.1:s460	0.0966815534881856	0.199761778275792
DNAJC2.NP_001123359.1:s47	0.372633539549691	0.204638487880194
DNAJC5.NP_079495.1:s10	0.502187803196828	0.193079932863228
DNM1L.NP_001265392.1:s605	0.625110339801067	0.192213219571725
DOCK4.NP_055520.3:s1631	0.108213521087133	0.194943550793433
DOCK4.NP_055520.3:t1899	0.278026914648541	0.237805284420376
DOCK6.NP_065863.2:s872	0.581681029126492	0.175014606303136
DOCK7.NP_001258928.1:s1383	-0.0188526384013289	0.234296525916989
DOCK7.NP_001258928.1:s2118	0.242172565245589	0.157418984760073
DOCK7.NP_001258928.1:s888	0.35654345914922	0.186314033520948
DOCK8.NP_982272.2:s904	0.72290167852154	0.151684991360977
DPYSL3.NP_001184223.1:s102	0.825198387168977	0.139486616136422
DPYSL3.NP_001184223.1:s636	0.70348499928045	0.146829881450776
DPYSL3.NP_001184223.1:s653	0.335191072581257	0.183538088242178
DPYSL3.NP_001184223.1:s655	0.564061621640371	0.177434473126422
DSN1.NP_001138787.1:s81	0.413851753260844	0.194996116258731
DSP.NP_004406.2:s2209	0.762054016498629	0.113813445957324
DYRK1A.NP_001334650.1:y312	0.431380376794416	0.194898529616889
EEA1.NP_003557.2:s354	0.0395865704634281	0.178047199163399
EEF1D.NP_001123525.2:s499	0.614719695848429	0.199122499308466
EEF2.NP_001952.1:t57	0.337116048609069	0.221795974341108
EFHD2.NP_077305.2:s74	0.352103881157515	0.187040173970076
EGFR.NP_001333828.1:s946	0.190013775894767	0.21770452294471
EHBP1.NP_001136086.1:s401	0.331801275623147	0.214764459069034
EHBP1L1.NP_001092879.1:s1257	0.426791019324402	0.199119153043993
EHBP1L1.NP_001092879.1:s1273	0.611668351664278	0.174670603909644
EI24.NP_001277064.1:s32	0.142491542815058	0.217511860416205
EIF2A.NP_001305972.1:s481	0.583089655376006	0.138427684366291
EIF2AK4.NP_001013725.2:s230	0.17017850444268	0.174273366251541
EIF3C.NP_001032897.1:s39	0.373523499535194	0.166755951107875
EIF4B.NP_001287750.1:s207	0.287960619077936	0.203066312348465
EIF4ENIF1.NP_001157973.1:s564	-0.0438347911455051	0.209588005658012
EIF4ENIF1.NP_001157973.1:s670	0.41014601599711	0.185853324387055
EIF4ENIF1.NP_001157973.1:s78	0.310825840559978	0.17497413076831
EIF4G1.NP_001181875.1:s1192	0.362816327767762	0.176664638384148
EIF4G1.NP_001181875.1:s1194	0.172929897110778	0.166139650738081
EIF4G1.NP_001181875.1:s1216	0.351752838458916	0.169505704183688
EIF4G1.NP_001181875.1:s1238	0.473826488128176	0.17928554086897
EIF4G1.NP_001181875.1:s1245	0.323162237164755	0.191294643589859
EIF4G3.NP_001185730.1:s494	0.547826371569404	0.169167548915304
EIF5B.NP_056988.3:s113	0.320438709040638	0.287536850320069
EIF5B.NP_056988.3:s164	0.0771871086582993	0.233461814971941
EIF5B.NP_056988.3:s214	0.5283174239935	0.200429287468595
ELMSAN1.NP_001036783.1:s461	0.167119040523295	0.176292340739113
EMD.NP_000108.1:s49	0.638693232018211	0.171270293458354
EML3.NP_694997.2:s176	0.615314464305714	0.214470396500422
EML4.NP_061936.2:s144	0.274523663249336	0.214234707541726
EML4.NP_061936.2:s146	0.387309789974608	0.174786656951618
ENAH.NP_060682.2:s508	0.476982730593572	0.213800046991789
ENSA.NP_004427.1:s109	0.445396619149359	0.161373531045557
ENSA.NP_004427.1:s67	0.148007931562607	0.259024562297619
EPB41L1.NP_001245258.1:s510	0.625749098201918	0.159944914196814
EPB41L2.NP_001337231.1:s87	0.412081620814499	0.177540967583448
EPB41L3.NP_001268463.1:s420	0.431316084132275	0.231256954062915
EPB41L3.NP_001268463.1:s478	0.32110144491594	0.189592093192617
EPN2.NP_683723.2:s173	0.604935442892815	0.207518850668669
EPPK1.NP_112598.3:s2718	0.583460379143332	0.183928826170171
EPPK1.NP_112598.3:s2720	0.696726756909583	0.174532016039234
EPPK1.NP_112598.3:s3783	0.583460379143332	0.183928826170171
EPPK1.NP_112598.3:s3785	0.696726756909583	0.174532016039234
EPPK1.NP_112598.3:s4317	0.583460379143332	0.183928826170171
EPPK1.NP_112598.3:s4319	0.696726756909583	0.174532016039234
EPPK1.NP_112598.3:s4850	0.583460379143332	0.183928826170171
EPPK1.NP_112598.3:s4852	0.696726756909583	0.174532016039234
EPS15.NP_001972.1:s796	0.572915160994951	0.232777754210025
EPS15.NP_001972.1:t777	0.539435684811496	0.190838817732979
EPS8.NP_004438.3:s685	0.161284436380584	0.161724907899961
EPS8L2.NP_073609.2:s570	0.601341661800622	0.202210494289716
ETV6.NP_001978.1:s293	0.174069279133732	0.177069940199893
EVL.NP_001317150.1:s331	0.697432561126236	0.144081170515893
FAF1.NP_008982.1:s582	0.33437955931119	0.220860652732631
FAM103A1.NP_113640.1:s36	0.365394932958721	0.225119003845004
FAM117A.NP_110429.1:s178	0.304613605373267	0.209031893809642
FAM117B.NP_775782.2:s10	0.373510561966447	0.190552786779171
FAM122A.NP_612206.4:s118	0.307662629727796	0.202604971292587
FAM122A.NP_612206.4:s189	0.185222244210719	0.141041063172647
FAM171A1.NP_001010924.1:s723	0.274394511767775	0.255312771619772
FAM83B.NP_001010872.1:s466	0.63639615723973	0.178166306006142
FAM83H.NP_940890.3:s1003	0.513892341955939	0.173774118711655
FAM83H.NP_940890.3:s523	0.558515939582851	0.138053869402832
FAM83H.NP_940890.3:s881	0.747444539894575	0.150940148093841
FAM83H.NP_940890.3:s892	0.497832302556768	0.181136465248623
FAM83H.NP_940890.3:s914	0.7679108321863	0.113139840895039
FAM83H.NP_940890.3:s998	0.551516721790352	0.171360630701772
FARP1.NP_001273768.1:s427	0.660495387560688	0.15517216838323
FGD1.NP_004454.2:s116	0.271145690960039	0.172753960713204
FILIP1L.NP_001035924.1:s791	0.635983505083214	0.181821227851344
FIP1L1.NP_001128409.1:s486	0.427480689682621	0.186061320239903
FIP1L1.NP_001128409.1:t488	0.484229178151831	0.164276106043182
FKBP15.NP_056073.1:s956	0.440113846329222	0.170875651277121
FKBP5.NP_001139247.1:s445	0.694804230186043	0.214937760953478
FKBP8.NP_001295302.1:s296	0.414523520881026	0.190552346453454
FLNA.NP_001104026.1:s1459	0.277670362428334	0.186437524815504
FLNA.NP_001104026.1:s1946	0.350519204659524	0.196849634780164
FLNA.NP_001104026.1:s2128	0.605989480258657	0.184522085105196
FLNA.NP_001104026.1:s2152	0.752997572778024	0.141744958443267
FLNA.NP_001104026.1:s2158	0.622074741109727	0.173196178439353
FLNA.NP_001104026.1:s2414	0.593694793332561	0.194680870810264
FLNA.NP_001104026.1:t2336	0.589836799104295	0.201721697006839
FLNB.NP_001157789.1:s1536	0.490207566566462	0.198472269350628
FLYWCH2.NP_001135971.1:s21	0.763119008399236	0.183708152306773
FMNL1.NP_005883.2:s624	0.663853175404733	0.184397098177279
FNBP4.NP_001305268.1:s501	0.638314274686489	0.191850708888615
FNDC3A.NP_001073141.1:s213	0.194352647214227	0.210683477854906
FOSL2.NP_005244.1:s200	0.330080389988595	0.18307303139148
FOXK1.NP_001032242.1:s416	0.563014031257908	0.134281347610668
FOXK1.NP_001032242.1:s420	0.149297481416566	0.232517001558059
FOXK1.NP_001032242.1:s445	0.657425695826803	0.192688783286699
FRMD6.NP_001035946.1:s536	0.0880187258094139	0.248582108401183
FUNDC2.NP_076423.2:s151	0.523008428935324	0.196170500176011
FYB1.NP_001230022.1:s568	0.816324376874484	0.128306222726595
GAB2.NP_036428.1:t353	0.717755633511833	0.12514278665136
GAPVD1.NP_001269609.1:s902	0.134821313147385	0.245190344411029
GFPT1.NP_001231639.1:s261	0.407068695733741	0.188570717395155
GFPT2.NP_005101.1:s244	0.870917140876087	0.139799024637674
GIPC1.NP_005707.1:s232	0.361514483834354	0.183643180568917
GLI3.NP_000159.3:s664	0.332362540054456	0.217276870054444
GNL1.NP_005266.2:s51	0.206358919523202	0.224383217250524
GOLGA4.NP_001166184.1:s93	0.104595607953975	0.211783499768442
GP1BB.NP_000398.1:s191	0.727242437605405	0.168394135318956
GPATCH8.NP_001002909.1:s1081	0.25638979381409	0.210809969182098
GPBP1.NP_001120708.1:s388	0.122692075256141	0.196849082508765
GPHN.NP_001019389.1:s305	0.443516046825458	0.20217451496377
GRAMD1A.NP_001129671.1:t270	0.181320746805697	0.211034576184764
GRB7.NP_001025173.1:s368	0.412303965460504	0.190623783900381
GRIP1.NP_001171545.1:s43	0.683074720907929	0.150984119570099
GRK2.NP_001610.2:s670	0.0733719469103321	0.241592045288263
GTF3C2.NP_001030598.1:s892	0.135898614898245	0.169814390040167
GTF3C2.NP_001030598.1:s893	0.308130258910669	0.204922562037911
H1FX.NP_006017.1:s31	0.125881702250308	0.249002301862374
H2AFY.NP_001035248.1:t129	0.410540139333226	0.183404485063007
H2AFY2.NP_061119.1:s129	0.510651303567277	0.18212210309987
HASPIN.NP_114171.2:s147	0.495790966106139	0.17317864175173
HBP1.NP_001231191.1:s390	0.373738332904961	0.19765151610982
HDAC7.NP_001091886.1:s148	0.190724715682437	0.173224417495081
HDAC7.NP_001091886.1:s194	0.318890523626619	0.257177594785506
HIRIP3.NP_003600.2:s125	0.672325736438979	0.176917195148143
HIRIP3.NP_003600.2:s227	0.396736957555272	0.206905797904529
HIST1H1D.NP_005311.1:s37	0.338683136714851	0.210441646999512
HIST1H1E.NP_005312.1:s36	0.21331170263764	0.214753597077194
HIST1H4A.NP_003529.1:s48	0.483354042605004	0.163687980307503
HMG20A.NP_001291433.1:s105	0.0844554665341508	0.221680129902251
HMGA1.NP_001306007.1:s36	0.412641893776518	0.191695430235756
HMGN1.NP_004956.5:s7	0.114433127751687	0.281238593283515
HMGN1.NP_004956.5:s86	0.365407648776735	0.246001385024996
HMGN1.NP_004956.5:s89	0.279333956452182	0.215464461546119
HMGXB4.NP_001003681.1:s497	0.356227884417801	0.210008885740142
HNRNPA2B1.NP_112533.1:s259	0.204461757788707	0.19719176781909
HNRNPA3.NP_001317178.1:s358	0.424984529475533	0.184104627969654
HNRNPC.NP_001070911.1:s220	0.462271539392083	0.197498979683824
HNRNPH1.NP_001244222.1:s104	0.285632254909361	0.179977455246707
HNRNPH2.NP_001027565.1:s104	0.153186312664436	0.188240723252687
HNRNPM.NP_005959.2:s637	0.424792897019987	0.183079234883733
HNRNPUL2.NP_001073027.1:s161	0.164374313107665	0.177064938081337
HP1BP3.NP_057371.2:t51	0.369058285857239	0.21155968545712
HS1BP3.NP_071905.3:s249	0.0555199472347393	0.208494850722819
HSF1.NP_005517.1:s303	0.23428045383301	0.146105251978122
HSF1.NP_005517.1:s303s307	0.264326731220156	0.232330082554711
HSF1.NP_005517.1:s363	0.475352901483184	0.166220304140388
HSP90AA1.NP_001017963.2:s353	0.18906304906374	0.231483265565291
HSP90AA1.NP_001017963.2:s385	0.199725540702799	0.217091899546886
HSP90AA1.NP_001017963.2:s598	0.334463996681498	0.215035745807026
HSP90AB1.NP_001258898.1:s226	0.0197141203812963	0.257047340558971
HSP90AB1.NP_001258898.1:s255	0.404999492652892	0.203673910435371
HSPA12B.NP_001184256.1:s433	0.548704583003004	0.205022527296174
HSPA4.NP_002145.3:s647	0.594022100322347	0.135627117643519
HSPB1.NP_001531.1:s15	0.174224048552772	0.211171505084054
HSPB1.NP_001531.1:s82	0.0752863707229386	0.254193557734551
HSPB6.NP_653218.1:s16	0.569050131808579	0.14626592202327
HTATSF1.NP_001156752.1:s481	0.578254240099152	0.199293523006267
HTATSF1.NP_001156752.1:s529	0.484636655092334	0.148700416407639
HTATSF1.NP_001156752.1:s579	0.263967762017292	0.181385255944619
HTATSF1.NP_001156752.1:s624	0.504517982979312	0.194307468441085
HUWE1.NP_113584.3:s1907	0.483636662555151	0.195133207485396
IFI16.NP_005522.2:s153	0.32095820293658	0.144901513673665
IKBKB.NP_001177649.1:s670	0.19875221124162	0.231594779259785
IL16.NP_001165599.1:s966	0.457574855745847	0.222885981745405
INPPL1.NP_001558.3:s132	0.479693595152635	0.221431489809291
INTS3.NP_001311404.1:s501	0.356990220059971	0.14088402636442
IQGAP1.NP_003861.1:s1443	0.550346054580393	0.164470882477444
IRF2BP1.NP_056464.1:s384	0.442426351113654	0.162952743823654
IRF2BP1.NP_056464.1:s436	0.448283153696422	0.197579554342178
IRF2BP1.NP_056464.1:s453	0.25526874825189	0.232291742915211
IRF2BP1.NP_056464.1:s66	0.311716081781396	0.178358580093158
IRF2BP2.NP_001070865.1:s175	0.502786433684983	0.176132686755866
IRF2BP2.NP_001070865.1:s240	0.347483608615361	0.195867727214513
IRF2BP2.NP_001070865.1:s344	0.548541280331532	0.189603133627136
IRF2BPL.NP_078772.1:s547	0.578959806915866	0.149201065073933
IRF2BPL.NP_078772.1:s69	0.448990714631261	0.219682588576468
IRS2.NP_003740.2:s1174	0.47485901271903	0.241322881208615
IRS2.NP_003740.2:s594	0.326723843546963	0.18266724373629
IRS2.NP_003740.2:s973	0.30026290961919	0.214264263413609
ITGA4.NP_000876.3:s1021	0.491973964883967	0.218285008765516
ITGB4.NP_001005731.1:t1385	0.176180532563587	0.218189154360132
ITPR1.NP_001093422.2:s1589	0.72331251860777	0.149899147421019
ITPR3.NP_002215.2:s934	0.441206289612203	0.232994295369523
ITSN1.NP_001001132.1:s978	0.122352526226761	0.317781716169886
ITSN2.NP_001335110.1:s875	0.280406772069427	0.20394990036326
IWS1.NP_060439.2:s400	0.136286626118489	0.189649208657322
JMJD1C.NP_001269877.1:s459	0.39006726370238	0.175520401938366
JMJD1C.NP_001269877.1:s761	0.369684020398108	0.191582528029829
JPT1.NP_057269.1:s87	0.358354711472142	0.241228024251256
JPT1.NP_057269.1:s88	0.24168780131227	0.204515429078575
JPT2.NP_653171.1:s69	0.427446200934708	0.208345076556615
JUP.NP_001339702.1:s665	0.388992773325779	0.241656077428212
KANK1.NP_001243805.1:s881	0.407696917715957	0.208137940431976
KANK2.NP_001129663.1:s323	0.445720713879154	0.173972819975011
KANK2.NP_001129663.1:s375	0.785484270176614	0.137073933409062
KANK2.NP_001129663.1:s540	0.725123287291844	0.183085849192239
KAT6A.NP_006757.2:s1089	0.304395561898415	0.249554313815191
KCTD12.NP_612453.1:s185	0.30604461184433	0.230831812590617
KCTD12.NP_612453.1:t196	0.37405398929463	0.188536261380082
KCTD3.NP_001306223.1:s709	0.712769327758147	0.165516779112157
KDM2A.NP_036440.1:s558	0.465932296002606	0.154754850190555
KDM2A.NP_036440.1:s692	0.120024837487857	0.205155764486642
KDM2A.NP_036440.1:t550	0.391410595387363	0.215239278470355
KHDRBS1.NP_006550.1:s20	0.301454874496755	0.250770229035798
KIAA0930.NP_001009880.1:s324	0.360807769775935	0.206696816048693
KIAA1217.NP_062536.2:s169	0.368038361730229	0.174872828445527
KIAA1217.NP_062536.2:s361	0.56428125321317	0.176110850379575
KIAA1522.NP_001185901.1:s322	0.57937623081761	0.176922648177921
KIAA1522.NP_001185901.1:s862	0.47575079322259	0.142084505683203
KIAA1522.NP_001185901.1:s929	0.519334351380887	0.211327113409484
KIAA1522.NP_001185901.1:s971	0.457728900207541	0.21347564789964
KIAA1522.NP_001185901.1:s979	0.427780365319031	0.191107261925783
KIAA1522.NP_001185901.1:t162	0.283399556157384	0.233882874728172
KIAA1551.NP_060639.3:t1240	0.257185513003766	0.238087614500652
KIAA1671.NP_001138678.1:s1224	0.3788181317539	0.202942908001294
KIAA1671.NP_001138678.1:s749	0.496585463704386	0.19831720033473
KIDINS220.NP_001335658.1:s1556	0.21833293921794	0.240760427474548
KIDINS220.NP_001335658.1:s883	0.427009403958965	0.181122960477941
KIF13B.NP_056069.2:s1410	0.610345915792417	0.17369813979306
KIF1B.NP_904325.2:s1141	0.486273303699467	0.179247073006926
KIF21A.NP_001166934.1:s1219	0.373412830142351	0.149040288819982
KLC2.NP_001128246.1:s505	0.404184878927828	0.199496475166759
KLC3.NP_803136.2:s466	0.491095820555962	0.226635159995522
KLC4.NP_001275963.1:s590	0.0460287579491782	0.178516977009419
KMT2D.NP_003473.3:s3130	0.206875132600355	0.185464448705367
KNG1.NP_000884.1:s332	0.619588146039902	0.159249347296125
KRT17.NP_000413.1:s32	0.729263616864111	0.156238691872945
KRT18.NP_000215.1:s7	0.0827400161986302	0.228881493414002
KRT5.NP_000415.2:s64	0.446821899245389	0.198611511285243
KRT6A.NP_005545.1:s60	0.554601033550715	0.198890867545263
KRT8.NP_001243211.1:s302	0.547575199764456	0.263270368215241
KRT8.NP_001243211.1:s438	-0.0280873506879067	0.253658622179201
KRT8.NP_001243211.1:s52	0.462601286114526	0.158535775532024
KRT8.NP_001243211.1:s62	0.608093960518282	0.17795021683593
KRTCAP3.NP_001161836.1:s5	0.542843556842111	0.178396119503092
KSR1.NP_055053.1:s197	0.301757373776017	0.183612998962531
KSR1.NP_055053.1:s269	0.320185232154652	0.234115468439018
KTN1.NP_001072989.1:s75	0.635162600788072	0.174233346611657
LAD1.NP_005549.2:s177	0.811553722284207	0.133294177169439
LAD1.NP_005549.2:s394	0.537824849557374	0.184105851299416
LAMTOR1.NP_060377.1:s42	0.145932717238124	0.228070084063088
LARP1.NP_056130.2:s697	0.27223662614493	0.179581032911537
LARP1.NP_056130.2:t449	0.455508875771547	0.223267683233673
LARP1.NP_056130.2:t572	0.199142611717468	0.219397166974387
LARP1.NP_056130.2:t711	0.15109699504819	0.223605339541081
LARP4B.NP_001338206.1:s601	0.263833191480378	0.167150871263012
LAS1L.NP_001164120.1:s600	0.397279148525353	0.235061946901089
LASP1.NP_006139.1:s146	0.261718234218174	0.187087538773683
LAT.NP_001014987.1:s195	0.683612919356806	0.143299743981647
LCP1.NP_002289.2:s5	0.692095614185422	0.13298902510248
LIG3.NP_002302.2:s210	0.36833288351702	0.218145988542534
LIMA1.NP_001107018.1:s132	0.231510404748509	0.206836310777734
LIMA1.NP_001107018.1:s363	0.626143923587169	0.156936848946381
LIMA1.NP_001107018.1:s491	0.685878537063703	0.137349232196273
LMCD1.NP_055398.1:s16	0.660591418475092	0.144010437618659
LMO7.NP_005349.3:s1089	0.124724588731423	0.202721345146486
LMO7.NP_005349.3:s1159	0.765465267013604	0.206889751427198
LMO7.NP_005349.3:s1176	0.496554962551371	0.166804399454076
LMO7.NP_005349.3:s417	0.251881844255038	0.204816326447728
LMOD1.NP_036266.2:s85	0.65102131100101	0.160680496730152
LNPEP.NP_005566.2:s91	0.537563023862543	0.207053479200357
LPIN2.NP_055461.1:s243	0.196415835543022	0.253911787866769
LRMP.NP_001191055.1:t319	0.49055754575132	0.216313248147867
LRP1.NP_002323.2:s4520	0.494546401331096	0.201220654268965
LRPAP1.NP_002328.1:t248	0.540237854589264	0.162711668561029
LRRC1.NP_060684.4:t480	0.362024442991615	0.219110241315667
LRRC47.NP_065761.1:s431	0.520701825856978	0.15691530969685
LRRFIP1.NP_001131025.1:s88	0.125484267424724	0.194460182201626
LSM14A.NP_001107565.1:s183	0.0917945896159545	0.25667019243411
LSM14A.NP_001107565.1:s192	0.462278648928855	0.219787134134996
LSP1.NP_002330.1:s111	0.500615683862841	0.240777646751996
LSP1.NP_002330.1:s130	0.44671986873805	0.211196560411663
LSP1.NP_002330.1:s252	0.564774029597011	0.184188454829048
LUZP1.NP_001136018.1:s440	0.457901698361885	0.149239276662464
LUZP1.NP_001136018.1:s611	0.389286147707002	0.205977197172761
LYN.NP_001104567.1:s13	0.262428037766819	0.187764654048589
MACF1.XP_005270751.1:s4087	0.147136680155679	0.213235109144787
MAML1.NP_055572.1:s45	0.0100763535344086	0.276180736505783
MAP1A.NP_002364.5:s1172	0.632674454279765	0.168809445115483
MAP1S.NP_001295292.1:s733	0.147773633530733	0.226797507787162
MAP2.NP_002365.3:s1782	0.677892080430343	0.151890258657159
MAP3K2.NP_006600.3:s153	0.255148890685607	0.155004673754117
MAP3K2.NP_006600.3:s331	0.222490522637259	0.221236006185436
MAP3K20.NP_057737.2:s727	0.622750667991735	0.208023558507509
MAP3K21.NP_115811.2:s514	0.298948459799115	0.213449905569589
MAP3K21.NP_115811.2:s528	0.366561446659736	0.211111455042296
MAP4K2.NP_001294919.1:s328	0.313403922994702	0.164674939399507
MAP7D1.NP_001273295.1:s313	0.205031379097309	0.174438657861364
MAP7D1.NP_001273295.1:t97	0.242272645705666	0.265910994276549
MAPK1.NP_002736.3:y187	0.227297050476704	0.158372663704895
MAPKAP1.NP_001006618.1:s510	0.312958993400567	0.171988588808195
MAPKBP1.NP_001122080.1:s1198	0.441910285194001	0.208884765372182
MARCKS.NP_002347.5:t150	0.443716871706266	0.217377555850096
MARCKSL1.NP_075385.1:s22	0.520869926610308	0.238587863344027
MARCKSL1.NP_075385.1:s36	0.638286444850034	0.151378358565188
MARCKSL1.NP_075385.1:t85	0.592709558093111	0.142331080437574
MARK2.NP_059672.2:s376	0.139360639023872	0.20434165241272
MARK2.NP_059672.2:s537	-0.0861767622923683	0.206630851547363
MARK2.NP_059672.2:s585	0.176524390080037	0.192188332685717
MARK2.NP_059672.2:t562	-0.00555070750978968	0.28169933087556
MARK3.NP_001122390.2:s42	0.173024215574601	0.186055864271914
MARK3.NP_001122390.2:t507	0.155560084915946	0.202896436008136
MAST2.NP_001306174.1:s1363	0.162771503638925	0.153094527648235
MAST2.NP_001306174.1:s1380	0.186739560906511	0.171425080793777
MAST2.NP_001306174.1:s74	0.064830555382775	0.171526281733098
MATR3.NP_001181883.1:s598	0.429526969407953	0.160747804302479
MCF2L.NP_001106203.2:s590	0.325699675153386	0.254455579422148
MCM2.NP_004517.2:s139	0.670592316263438	0.178658213552485
MCMBP.NP_001243307.1:s298	0.145530877299418	0.246053494624017
MCRIP1.NP_001087236.1:s21	0.182162276839139	0.203005704575098
MDC1.NP_055456.2:s1820	0.583385917796219	0.142194073286943
MDC1.NP_055456.2:s793	0.536601284115716	0.174518841045713
MDH1.NP_001186040.1:s259	0.241544652317675	0.369347095781429
MED26.NP_004822.2:s447	0.554416297861588	0.17696828525211
MEF2D.NP_001258558.1:s251	0.129517147912725	0.185306552388122
MEPCE.NP_062552.2:s152	0.355597619195904	0.239240379254751
MEX3D.NP_001167589.1:s514	0.30354976135088	0.296173682173175
MICAL3.NP_056056.2:s1310	0.353911041629608	0.175865611618427
MICALL2.NP_891554.1:s153	0.538567906942619	0.191706199624
MISP.NP_775752.1:s394	0.106391180988564	0.318504420836697
MKI67.NP_002408.3:s1131	0.604892628977987	0.190558963336134
MKI67.NP_002408.3:s308	0.734009785933804	0.137241259485715
MKI67.NP_002408.3:s374	0.687825251434959	0.165296053335969
MLLT6.NP_005928.2:s423	0.141813942620445	0.234556105238572
MORC2.NP_001290185.1:s725	0.171599212675075	0.245711452847509
MORC3.NP_001307374.1:s489	0.526164125946505	0.201744857416054
MPST.NP_066949.2:s15	0.571782326598703	0.153287869440305
MPST.NP_066949.2:s17	0.273070436779735	0.196874762049167
MRVI1.NP_001092049.2:s689	0.77261929926722	0.163259467065567
MSH6.NP_000170.1:s137	0.380978459353556	0.162396871181361
MTA1.NP_004680.2:s449	0.40154599249216	0.206920931857147
MTDH.NP_848927.2:s298	0.340436922399542	0.233468352351935
MTDH.NP_848927.2:t143	0.565373145120061	0.156656562038139
MTM1.NP_000243.1:s13	0.458825701914081	0.21914363551619
MTMR12.NP_001035536.1:s564	0.508046820085052	0.216022132372638
MVD.NP_002452.1:s96	0.316006473243808	0.163636927955641
MYBBP1A.NP_001099008.1:s1163	0.512548887047174	0.170974129615025
MYCBP2.NP_055872.4:s2789	0.638773715882966	0.160893586645084
MYH10.NP_001242941.1:s1987	0.494534790361825	0.183782460292612
MYH11.NP_002465.1:s1954	0.234156564917123	0.178999256118705
MYH9.NP_002464.1:s1943	0.472601342762516	0.193893358284455
MYLK.NP_001308238.1:s1603	0.456773866255093	0.178650846508167
MYLK.NP_001308238.1:s771	0.716287960148986	0.15417277470915
MYO18A.NP_510880.2:s2041	0.497257838048685	0.254745247870364
MYO18A.NP_510880.2:s2043	0.327755623157281	0.185315661203544
MYO1E.NP_004989.2:s980	0.363880804213884	0.226633617720142
MYO9B.NP_004136.2:s1290	0.554895816175387	0.178163011736671
N4BP1.NP_694574.3:t242	0.203860586994144	0.215658293724251
NADK.NP_001185922.1:s64	0.370837907579403	0.191815330294459
NAF1.NP_001122403.1:s315	0.00556577013027322	0.291329943692892
NBEAL2.NP_055990.1:s2739	0.0755675652598138	0.122888503805864
NCAPG.NP_071741.2:s674	0.738471820838251	0.153371039669521
NCF1.NP_000256.4:s320	0.647059434393509	0.169533135616733
NCL.NP_005372.2:s563	0.333124011187921	0.22309581815913
NCL.NP_005372.2:s67	0.206702692152295	0.210005564354814
NCL.NP_005372.2:t121	0.1779173384379	0.202710486691956
NCL.NP_005372.2:t76	-0.0241609794086152	0.232302060488482
NCOA1.NP_003734.3:s372	0.0894581456682012	0.249112243878267
NCOA1.NP_003734.3:s395	0.433985690917302	0.215191399248881
NCOA2.NP_001308632.1:s493	0.369250998083997	0.218969886892369
NCOA2.NP_001308632.1:s771	0.0505723220998501	0.220272330146127
NCOR2.NP_006303.4:s54	0.248467046743126	0.20627072459313
NCOR2.NP_006303.4:s956	0.692960792188183	0.151237092240394
NDRG1.NP_001128714.1:s330	0.599162782840601	0.145097425596803
NDRG3.NP_071922.2:s319	0.0767180972161207	0.202512148509671
NELFA.NP_005654.3:s236	0.14999582230843	0.237375972122092
NES.NP_006608.1:s768	0.692697940048614	0.123596709593687
NEXN.NP_001165780.1:s16	0.505991093306268	0.212610262499071
NEXN.NP_001165780.1:s301	0.763384211225019	0.119867223373718
NF1.NP_000258.1:s2522	0.620115914472713	0.186533252863589
NFIC.NP_001231931.1:s333	0.525384913074561	0.169636868844348
NFIC.NP_001231931.1:s339	0.155256335275089	0.217106068442947
NFKB1.NP_001158884.1:s907	0.489944145563133	0.181875348132811
NIPBL.NP_056199.2:s318	0.483661771140026	0.188875138276913
NME2.NP_001018147.1:t94	0.196875766806724	0.247359309855088
NOP56.NP_006383.2:s570	0.366544208904335	0.1686873561615
NOP58.NP_057018.1:s502	0.334816280614774	0.189492514457465
NPM1.NP_002511.1:s243	0.328024318349536	0.212319296856401
NRDC.NP_001095132.1:s94	0.364105549363765	0.20025229642218
NSD1.NP_071900.2:s2471	0.46689739362746	0.192308854440437
NTHL1.NP_001305122.1:s22	0.32356275683854	0.229406307599438
NUCB1.NP_006175.2:s369	0.568761988079029	0.195638495660688
NUCKS1.NP_073568.2:s181	0.493230055268789	0.159195518631627
NUCKS1.NP_073568.2:s19	0.437347868794663	0.200697020393103
NUCKS1.NP_073568.2:s214	0.411379825378335	0.199187868703915
NUCKS1.NP_073568.2:s58	0.450815508998467	0.182863655747513
NUCKS1.NP_073568.2:t179	0.115798184412539	0.234087166045809
NUMA1.NP_001273490.1:s169	0.457770264840326	0.188666110271718
NUMA1.NP_001273490.1:s1743	0.21843880096994	0.194493223049664
NUMA1.NP_001273490.1:s1955	0.247827625331144	0.216660503005993
NUMA1.NP_001273490.1:s2033	0.17355999065764	0.242496096833101
NUMA1.NP_001273490.1:t1986	0.37347767826213	0.234361362096515
NUP107.NP_065134.1:s86	0.186727650578752	0.25277217079509
NUP153.NP_001265138.1:s192	0.519305663892822	0.217542072792938
NUP98.NP_057404.2:s595	-0.050405471415932	0.215176163388749
NUP98.NP_057404.2:s871	0.280441126070827	0.183090745838736
OCIAD1.NP_001073308.1:s108	0.652236470307596	0.132580920064297
OCIAD1.NP_001073308.1:s123	0.494711311614408	0.197091562205289
OCLN.NP_001192183.1:s369	0.66064705770598	0.165901223604432
OFD1.NP_001317138.1:s859	-0.126146300672903	0.207137830643537
OGFR.NP_031372.2:s315	0.353532450404115	0.207510063703743
OPTN.NP_001008212.1:s342	0.391239628542151	0.193823805548669
OSBPL1A.NP_001229437.1:s117	0.384311623917374	0.193359025894072
OSBPL7.NP_665741.1:s272	0.412172839201188	0.236901539226326
OTUD5.NP_001129629.1:s64	0.322959678586486	0.175824517283753
PAK2.NP_002568.2:s141	0.428732992239701	0.172410103074694
PAK2.NP_002568.2:s197	0.10977745342926	0.225745308974536
PALLD.XP_011530071.1:s1172	0.858143425496742	0.123392551159438
PALLD.XP_011530071.1:s796	0.720477807272912	0.139433634941687
PALLD.XP_011530071.1:s961	0.661344868048191	0.134310559901292
PALM3.NP_001138500.1:s375	0.799087041637355	0.152047886968307
PAPOLG.NP_075045.2:s648	0.353750588661209	0.175660507400871
PARD6B.NP_115910.1:s11	0.488609888176903	0.177195417459548
PARN.NP_001127949.1:s496	0.148577823167042	0.221395556580802
PARN.NP_001127949.1:s558	0.443660671546204	0.193791939300503
PATJ.NP_001337074.1:s645	0.604412888084976	0.157607313919786
PBDC1.NP_057584.2:s197	0.0201785510865185	0.206798261894366
PBX2.NP_002577.2:s395	0.132450581328216	0.188828688666951
PBXIP1.NP_001304663.1:s14	0.578395791947958	0.129621668580187
PCDH7.NP_001166994.1:s1011	0.569658317329654	0.172411954929336
PCDH7.NP_001166994.1:s1185	0.568975356865035	0.186573933062399
PCNP.NP_001307327.1:t138	0.195879278609939	0.20599879063289
PDAP1.NP_055706.1:s63	0.0749149666933303	0.231564805022562
PDCD4.NP_001186421.1:s443	0.470070885902033	0.220880300709441
PDE8A.NP_001230066.1:s385	0.299689422926359	0.25901404106726
PDHA1.NP_000275.1:s293	0.528728823427849	0.202882330342291
PDLIM5.NP_006448.4:s313	0.198981881948762	0.246588536950938
PDLIM7.NP_005442.2:t251	0.615146051018367	0.19994463587712
PDS5A.NP_001093869.1:s1305	0.0346756908397581	0.200236528683534
PDZD2.NP_835260.2:s920	0.272370686205794	0.209385798133661
PEA15.NP_001284505.1:s137	0.191274830577658	0.243602239930568
PELP1.NP_055204.3:s531	0.143483827001095	0.224741227900077
PFKFB2.NP_006203.2:s466	0.632695217011121	0.144165850589278
PGAM1.NP_002620.1:s118	0.47903316110723	0.171431234337147
PGAM1.NP_002620.1:y92	0.324874138674251	0.199289256174114
PGM1.NP_002624.2:s117	0.566180063221871	0.156129576354349
PGM2.NP_060760.2:s165	0.542154941412707	0.169219180410531
PGM2L1.NP_775853.2:s175	0.718773595475429	0.136359588779873
PGM2L1.NP_775853.2:t173	0.171194887020067	0.189730949436359
PGM3.NP_001186846.1:s92	0.613354586844233	0.160296135033882
PGRMC1.NP_006658.1:s181	0.371556023132962	0.225525907794072
PGRMC1.NP_006658.1:s57	0.275610176880027	0.19877097929362
PGRMC1.NP_006658.1:t74	0.126150919439604	0.234859349827894
PGRMC1.NP_006658.1:y180	0.209162958432631	0.210689099755668
PGRMC2.NP_006311.2:s114	0.153147035558179	0.245514111553506
PGRMC2.NP_006311.2:s128	0.377945937587198	0.231722898601165
PHC3.NP_001295045.1:t609	0.498612133171918	0.196157264443813
PHF2.NP_005383.3:s625	0.289342028564834	0.251684156620364
PHF8.NP_001171825.1:s1021	0.194297571341696	0.148415086978796
PHIP.NP_060404.4:s674	0.40088666346898	0.203512479669204
PHLDB1.NP_001138230.1:s470	0.193102942961314	0.212661845740465
PHLDB1.NP_001138230.1:s520	0.581879064645204	0.171057522023163
PHLDB2.NP_001127909.1:s100	0.60573060101528	0.185729791651457
PHLDB2.NP_001127909.1:s442	0.483433752117792	0.255192178997566
PHRF1.NP_001273510.1:s1202	0.288982127574564	0.179120563826074
PHRF1.NP_001273510.1:s1360	-0.0760794023266635	0.231483528244115
PHRF1.NP_001273510.1:s1371	-0.164842821555148	0.238496588396393
PI4K2A.NP_060895.1:s47	-0.118317469694015	0.282918473368626
PI4KB.NP_001185702.1:s294	0.289939150992378	0.189115564213619
PI4KB.NP_001185702.1:s413	0.0753533569196854	0.241733643737981
PI4KB.NP_001185702.1:s496	0.470436924287161	0.183467358970384
PIAS1.NP_001307616.1:s505	0.214506039026739	0.217507001830055
PICALM.NP_001008660.1:s16	0.0104354177548242	0.209901035606053
PIEZO1.NP_001136336.2:s1646	0.604625560673613	0.200304115781706
PJA1.NP_001027568.1:s15	0.526529372697703	0.168342192974119
PJA2.NP_055634.3:s253	0.176572646110277	0.243793699736222
PKP2.NP_001005242.2:s132	0.604112207711317	0.129041847337279
PKP2.NP_001005242.2:s151	0.56885057482411	0.184482880805748
PKP2.NP_001005242.2:s164	0.604081411603928	0.170394796351562
PKP2.NP_001005242.2:s251	0.521929237366868	0.127588601479325
PKP2.NP_001005242.2:s329	0.670808836182402	0.178940403798424
PLCB2.NP_001271226.1:s954	0.419813705684219	0.196989346259462
PLCL1.NP_006217.3:s569	0.380770003071663	0.262393280524667
PLD1.NP_001123553.1:s591	0.465374385871272	0.208455086046027
PLEC.NP_958782.1:s1732	0.551506859242927	0.175486984847139
PLEC.NP_958782.1:s4386	0.136314959367923	0.273051198849171
PLEC.NP_958782.1:s4613	0.298365095579355	0.213088494789087
PLEC.NP_958782.1:s4618	0.294572297581155	0.215529418187774
PLEC.NP_958782.1:t2886	0.788308522628607	0.127547186926935
PLEC.NP_958782.1:t3785	-0.0896807542211214	0.275931440533367
PLEC.NP_958782.1:t4030	0.675776057820817	0.13880016083475
PLEC.NP_958786.1:s1595	0.551506859242927	0.175486984847139
PLEC.NP_958786.1:s4249	0.136314959367923	0.273051198849171
PLEC.NP_958786.1:s4476	0.298365095579355	0.213088494789087
PLEC.NP_958786.1:s4481	0.294572297581155	0.215529418187774
PLEC.NP_958786.1:t2749	0.788308522628607	0.127547186926935
PLEC.NP_958786.1:t3648	-0.0896807542211214	0.275931440533367
PLEC.NP_958786.1:t3893	0.675776057820817	0.13880016083475
PLEKHA4.NP_065955.2:s575	0.619408941928465	0.174574476407422
PLEKHA5.NP_001137293.2:s913	0.365184330891835	0.159047755080001
PLEKHA6.NP_055750.2:s459	0.318308628522671	0.224256438825943
PLEKHA6.NP_055750.2:s777	0.679582425975305	0.159633147304945
PLEKHG2.NP_073746.2:t466	0.393926361747111	0.240059754489407
PLEKHG3.NP_001295076.1:s1081	0.0893975894399268	0.163009695699505
PLEKHO2.NP_001181988.1:t261	0.580304114431959	0.156741348367879
PLXDC2.NP_001269665.1:s457	0.40630475118438	0.184355250762538
PML.NP_150241.2:s403	0.433747392932678	0.151734239478658
PML.NP_150241.2:s518	0.398166822253894	0.16293992979144
PML.NP_150241.2:s518s527	0.456559390357481	0.243396604411869
PML.NP_150241.2:s527	0.304609501089455	0.223151655695218
PML.NP_150241.2:s530	0.420217575110954	0.232920266804925
PML.NP_150253.2:s403	0.3990033393592	0.170667174652732
PML.NP_150253.2:s470	0.398166822253894	0.16293992979144
PML.NP_150253.2:s470s479	0.456559390357481	0.243396604411869
PML.NP_150253.2:s479	0.304609501089455	0.223151655695218
PML.NP_150253.2:s482	0.420217575110954	0.232920266804925
PNISR.NP_001309334.1:s211	0.367650427320848	0.168994508214021
PNKP.NP_009185.2:t118	0.156628396144862	0.21189868992586
PNN.NP_002678.2:s347	0.210262154596258	0.259076606595129
PNN.NP_002678.2:s443	0.399788708046927	0.16051336232515
PNN.NP_002678.2:s66	0.0442553941477059	0.209966235195144
PNPLA2.NP_065109.1:s404	0.203849437419467	0.206138022521091
PNPO.NP_060599.1:s241	0.373904628303746	0.209298305852092
POGZ.NP_001181866.1:s416	0.669397014639266	0.211387099575079
POGZ.NP_001181866.1:s737	0.376377941546931	0.213628771639306
PPAN.NP_001333068.1:s358	0.374350057729349	0.209937499542782
PPFIA1.NP_003617.1:s763	-0.0165922252911991	0.227480860712321
PPFIBP1.NP_003613.3:s449	0.461791723644195	0.205888389935893
PPFIBP1.NP_003613.3:s788	0.334392631653558	0.188383232965112
PPFIBP2.NP_001243497.1:s275	0.482912316549652	0.22977493071064
PPIG.NP_004783.2:s687	0.432072964613304	0.178413529932511
PPIG.NP_004783.2:t358	0.495859426612023	0.177475571467458
PPL.NP_002696.3:s14	0.396787737985435	0.210011204931126
PPL.NP_002696.3:s1657	0.794318717920862	0.108299016655107
PPP1CB.NP_002700.1:t316	0.148179998703638	0.203702341476354
PPP1R12A.NP_001137357.1:s445	0.245048516334605	0.241107680466086
PPP1R12A.NP_001137357.1:s507	0.127474141781067	0.24564876337666
PPP1R12A.NP_001137357.1:s668	0.355246709592611	0.19553580623476
PPP1R12A.NP_001137357.1:s903	0.369080400628181	0.194636964926733
PPP1R13L.NP_001135974.1:s113	0.72358474122424	0.156657087103774
PPP1R13L.NP_001135974.1:s567	0.263508925450878	0.231680159855851
PPP1R14A.NP_001230876.1:s103	0.586018805717597	0.173143520137362
PPP1R14A.NP_001230876.1:s26	0.288328602755429	0.170851534797613
PPP1R18.NP_001128342.1:s224	0.544573799899665	0.23087622182021
PPP1R9A.NP_001159632.1:s862	0.57063663303715	0.195347613959017
PPP2R5C.NP_001155198.1:s39	0.3118485818	0.148129644440343
PPP6R3.NP_001157632.1:t631	0.495262731309739	0.152504407931621
PQLC1.NP_079354.2:s110	0.0206141069326045	0.284926522881748
PRAG1.NP_001074295.2:s696	0.55156736778406	0.247780220646515
PRAM1.NP_115528.4:s473	0.438796830899987	0.197175491152378
PRAM1.NP_115528.4:s484	0.544085053464437	0.186982311133951
PRKAG2.NP_001035723.1:s78	0.473348555790354	0.207570978171196
PRKAR1A.NP_001263218.1:s83	0.176859944039101	0.235285809107076
PRKAR1B.NP_001158230.1:s83	0.496843945546192	0.206341475674245
PRKAR2A.NP_001308911.1:s58	0.376925251308495	0.203130963773468
PRKAR2A.NP_001308911.1:s99	-0.0969616511442694	0.184760691219365
PRKCB.NP_002729.2:t641	0.429133096269898	0.226087642411851
PRKCD.NP_001303256.1:s304	0.562701515099994	0.240293002568991
PRKCD.NP_001303256.1:s645	0.74444719034963	0.122980217596371
PRKD1.NP_002733.2:s205	0.524394419866378	0.182508762691256
PRKD2.NP_001073349.1:s197	0.209398747091002	0.239574560430024
PRKRA.NP_003681.1:s18	0.178075399408093	0.290424572402129
PROSER2.NP_694988.3:s179	0.021210850775019	0.17492157516388
PROSER2.NP_694988.3:s43	0.231549089834004	0.183980555608643
PRPF3.NP_004689.1:s619	0.142960349497162	0.230189665727888
PRPF38A.NP_116253.2:s209	0.445552022217589	0.169698959389819
PRPF40B.NP_001026868.2:s785	0.185099503402006	0.201762327163014
PRPF4B.NP_003904.3:s257	0.30027191435091	0.221661743199872
PRPF4B.NP_003904.3:s277	0.299223384735054	0.206174253836115
PRR12.NP_065770.1:s865	0.320406797453182	0.206911385483939
PRRC2C.NP_055987.2:s779	0.275999933978795	0.231996594459704
PRRC2C.NP_055987.2:t2673	0.241327797864873	0.150621864027563
PSD4.NP_036587.2:s143	0.368490295021074	0.135145916352909
PSMC1.NP_002793.2:t53	0.347028412565169	0.169079178306445
PSMD11.NP_001257411.1:s14	0.237513333087682	0.198247569293233
PSMD2.NP_002799.3:s16	0.259869055082148	0.143092019427947
PTPN2.NP_001193942.1:s327	0.718784240162881	0.152275161350334
PTPN3.NP_001138841.1:s228	0.640188522234549	0.171887548230462
PTPRC.NP_002829.3:s975	0.616803875067537	0.17092947040046
PTS.NP_000308.1:s19	0.595323551766651	0.137367940862798
PUM1.NP_001018494.1:s709	0.282437506472427	0.192038758723231
PUM2.NP_001269681.1:s531	-0.0264435355054246	0.192426908180904
PUM2.NP_001269681.1:s80	0.203764332227947	0.204152741169659
PXN.NP_001074324.1:s85	0.444299189523232	0.258895612957738
PXN.NP_001074324.1:y118	0.414658548048421	0.192490455982689
RAB7A.NP_004628.4:s72	0.43181302881877	0.192638969192212
RAB8A.NP_005361.2:s185	0.0697297678183592	0.219141744697549
RABGAP1.NP_036329.3:s42	0.222557866640509	0.246938849213379
RABL6.NP_001167459.1:s403	0.396898720144753	0.187648132852651
RAF1.NP_002871.1:s621	0.0199528838014888	0.267909148703759
RAI14.NP_001138992.1:s412	0.0385624906257405	0.21003410662107
RAI14.NP_001138992.1:s667	0.530284792885898	0.233488158814772
RALBP1.NP_006779.1:s29	0.296848314885984	0.20569903467002
RALGAPB.NP_001269846.1:t379	0.193571586762536	0.149179912972978
RALGPS2.NP_689876.2:s422	0.44608065398787	0.19084365244066
RAPGEF1.NP_001291204.1:s377	-0.0574382331845242	0.28201634469323
RAPGEF3.NP_001092001.1:s864	0.626683995845766	0.175783104647819
RASAL3.NP_075055.1:s51	0.178338514162574	0.222209041362259
RB1CC1.NP_001077086.1:s222	0.285592270111993	0.192846669535734
RBBP6.NP_008841.2:s1179	0.573294865737599	0.220883263167843
RBBP6.NP_008841.2:t984	0.361058066748058	0.241569308468589
RBFOX2.NP_001076047.1:t67	0.295764708265018	0.199397015815068
RBM12B.NP_976324.2:s575	0.407221167230272	0.209863556061512
RBM12B.NP_976324.2:s638	0.388679453047419	0.195818238046534
RBM12B.NP_976324.2:s839	0.394940954729153	0.21256089032742
RBM14.NP_006319.1:s521	0.318364420633298	0.161895881070555
RBM14.NP_006319.1:s618	-0.00516931487968029	0.194474524245655
RBM14.NP_006319.1:t206	0.295878312839734	0.161760256127465
RBM15.NP_001188474.1:s294	0.316968148696826	0.204455952271844
RBM15.NP_001188474.1:s670	0.161199811273242	0.175017346542543
RBM15.NP_001188474.1:t568	0.417078789218593	0.17210465447671
RBM15B.NP_037418.3:s267	0.684935699264939	0.197868341841259
RBM15B.NP_037418.3:s562	0.304290220718746	0.178687889933701
RBM15B.NP_037418.3:s609	0.636547994761785	0.175073795953312
RBM15B.NP_037418.3:t532	0.275069202678377	0.200652690184847
RBM17.NP_001139019.1:s155	-0.179746879540484	0.243816263515167
RBM17.NP_001139019.1:s222	0.251950051328193	0.237819686211649
RBM17.NP_001139019.1:t71	0.244795067043305	0.212940082664389
RBM25.NP_067062.1:s583	0.267900513717585	0.242676500614836
RBM25.NP_067062.1:s677	0.193233717780862	0.224634286002537
RBM26.NP_001273560.1:s127	0.436240482381454	0.203991947632749
RBM27.NP_061862.1:s120	0.799375124191454	0.145915122342208
RBM33.NP_444271.2:s765	0.596537013833482	0.162307682848902
RBM39.NP_001310351.1:s136	0.463584866766166	0.212293106274476
RBM39.NP_001310351.1:s97	0.38424016454808	0.177378982703486
RBM4.NP_002887.2:s86	0.487048417747031	0.192921237176021
RBM7.NP_057174.1:s136	0.0431713480737017	0.249892933079279
RBMX.NP_002130.2:s208	0.270930589433145	0.2059244434038
RBMX.NP_002130.2:s88	0.54608201538082	0.152630254548135
RBMXL1.NP_001156008.1:s208	0.48230727403792	0.186874169074867
RCC1.NP_001041659.1:s11	0.621020071031739	0.16076774264863
RECQL5.NP_004250.4:s815	0.35895921685327	0.227129917809093
RETREG3.NP_835227.1:s320	0.164540375264459	0.208568941591029
RGS14.NP_006471.2:s288	0.537589497342611	0.162456984278279
RICTOR.NP_001272368.1:s1035	0.245478102508572	0.18955949793712
RICTOR.NP_001272368.1:s1284	0.216205100862574	0.235926395381273
RICTOR.NP_001272368.1:s21	0.139868302416459	0.173704934422838
RIF1.NP_001171134.1:s1688	0.490635469374581	0.161309630638761
RIN2.NP_001229510.1:s415	0.39119892643655	0.236331269742209
RIPK3.NP_006862.2:s316	0.392288272625851	0.206578727022685
RLF.NP_036553.2:s632	0.571540804549093	0.174662455149247
RNF11.NP_055187.1:s14	0.190244181780311	0.227532033937255
RNF169.NP_001092108.1:s339	0.167098149577332	0.236134040363377
RNF20.NP_062538.5:s138	0.254698253643745	0.237755093944253
RNF214.NP_001070707.1:s47	0.253346769210564	0.218984587907511
RNF31.NP_001297261.1:s315	0.563905278299602	0.162202452640781
RNPC3.NP_060089.1:s108	0.385718979247508	0.168313880407147
RPL18A.NP_000971.1:s123	0.318057098472751	0.217641581247524
RPL18A.NP_000971.1:s71	0.116841572567273	0.193138863298119
RPL34.NP_000986.2:s12	0.344604943515984	0.12524857252506
RPRD1B.NP_067038.1:s134	0.572916197005715	0.167604404097811
RPRD2.NP_001284603.1:s1073	0.291225788231826	0.19103663722825
RPRD2.NP_001284603.1:s567	0.453819534342008	0.226453510362908
RPRD2.NP_001284603.1:s588	0.0287548303959734	0.220505682896553
RPRD2.NP_001284603.1:s939	0.152376557337182	0.242033133855507
RPRD2.NP_001284603.1:t697	0.318817814324984	0.175114345215464
RPS10.NP_001005.1:s146	0.296824100729487	0.18213212940269
RPS27.NP_001021.1:s11	0.301190111667091	0.19588006070828
RPS3.NP_000996.2:t221	0.246739887939791	0.175335291166083
RPS6KA1.NP_001006666.1:s230	0.0840061916777773	0.234580120733215
RPS6KA3.NP_004577.1:s227	-0.115071170169367	0.247184974437151
RPS6KA3.NP_004577.1:s369	0.119076943875015	0.176951669303236
RPS6KA3.NP_004577.1:s415	0.391464024488303	0.191157638240551
RPS6KA4.NP_001006945.1:s676	0.211436173863025	0.221772598115932
RPS8.NP_001003.1:t130	-0.099138859955624	0.266216297716831
RRAGC.NP_071440.1:s95	0.415045339170188	0.201422798127983
RRAS2.NP_001096139.1:s109	0.319009858905424	0.179393043388599
RRBP1.NP_001036041.1:s185	0.0275717905683108	0.19239144230386
RSF1.NP_057662.3:s604	0.679657913917219	0.134778110176845
RSF1.NP_057662.3:t1305	0.408543233742208	0.138872877857665
RTF1.NP_055953.3:s697	0.272337268611956	0.227163288842067
RTKN.NP_001015055.1:s520	0.481226208080252	0.194153225629094
RTKN.NP_001015055.1:s529	0.232221479301542	0.210090094936524
RTKN.NP_001015055.1:s543	0.488908808058652	0.186978712269619
RTN1.NP_066959.1:s487	0.769366982468311	0.150434893605924
RUNX1.NP_001001890.1:s212	0.657598482831677	0.176340228887188
RUNX1T1.NP_001185554.1:s390	0.366314558850817	0.206280127652884
RUNX2.NP_001015051.3:s340	0.397379839984588	0.19339995940393
SAFB.NP_001188267.1:s604	0.177774331424609	0.249352961804987
SAFB2.NP_055464.1:s513	0.311211911681895	0.220529026827597
SASH3.NP_061863.1:s27	0.816432019136275	0.133852719118871
SCARF1.NP_003684.2:s589	0.310532466417131	0.199587985779679
SCFD1.NP_001244305.1:s211	0.506760152785369	0.181821538341276
SCRIB.NP_056171.3:s1220	0.40152545288436	0.182918390102418
SCRIB.NP_056171.3:s1378	0.47251913762068	0.167117817927296
SCRIB.NP_056171.3:s1475	0.23528023576515	0.187978029654982
SCRIB.NP_056171.3:s1508	0.428372940081578	0.227880879778417
SCRIB.NP_056171.3:s23	0.355389588239582	0.185496753305084
SCRIB.NP_056171.3:s504	0.423315385571676	0.184524061470754
SCRIB.NP_056171.3:t749	0.797140842748098	0.133124347673366
SEC22B.NP_004883.3:s137	0.146089278868121	0.236157061688304
SEC31A.NP_001070674.1:s1049	0.288299782860895	0.228459683017909
SEC31A.NP_001070674.1:s799	0.452906498172935	0.132076878602123
SEC62.NP_003253.1:s356	0.279963935484228	0.214083285644492
SENP3.NP_056485.2:s169	-0.0595310595966342	0.191623924741318
SENP7.NP_001070671.1:s11	0.180108878573931	0.197069412803554
SEPT2.NP_001008491.1:s218	-0.100434632523749	0.178486224282111
SEPT7.NP_001011553.2:t425	0.162504741116012	0.319982396516028
SEPT9.NP_001106963.1:s30	0.161876917784537	0.18377271863281
SEPT9.NP_001106963.1:t142	0.131124859354549	0.21690612520801
SERBP1.NP_001018077.1:s203	0.459932548898582	0.208105030207058
SERBP1.NP_001018077.1:s234	-0.0148668090180515	0.203224713667585
SERPINC1.NP_000479.1:s68	0.39677848121804	0.207493270012754
SET.NP_001116293.1:s7	0.467414162294346	0.169649870591894
SETD2.NP_001336299.1:t1809	0.471963216501495	0.163241849246197
SETDB1.NP_001138887.1:s1066	0.716228983288006	0.149035861166362
SF3B1.NP_036565.2:t426	0.0511667741982324	0.2523574846584
SFPQ.NP_005057.1:t687	0.376394166343449	0.206070270067678
SGTA.NP_003012.1:s77	0.270116248379572	0.171845963349587
SH2D3A.NP_005481.2:s147	0.330526956638866	0.189777112710854
SH2D4A.NP_001167630.1:s261	0.396981935459547	0.193040735686834
SH3BP1.NP_061830.3:s544	0.71937132783296	0.119700501820258
SH3BP2.NP_001116153.1:s278	0.291525568069707	0.232889885656877
SH3BP5L.NP_085148.1:s362	0.28519545671668	0.205765242843685
SH3KBP1.NP_001019837.1:s550	0.558535871737967	0.190554181351065
SHANK2.NP_036441.2:s1709	0.564521321543057	0.198542707445199
SHARPIN.NP_112236.3:s165	0.109054210419051	0.267489183954182
SHROOM3.NP_065910.3:s910	0.450562662128675	0.21651952062409
SHROOM4.NP_065768.2:s299	0.447233002509343	0.140224112675394
SIK2.NP_056006.1:s358	0.279730574984566	0.203384953181389
SIPA1.NP_006738.3:s55	0.392727128707023	0.243052012151975
SIPA1L1.NP_001271174.1:s1412	0.584038666574517	0.171851873631302
SIPA1L1.NP_001271174.1:s1611	0.168672293301267	0.160666486861941
SIPA1L3.NP_055888.1:s1364	0.503120810303677	0.164597756401325
SKA3.NP_001159489.1:s155	0.419281557195498	0.171589032161814
SLAIN1.NP_001035243.2:s289	0.442343734969285	0.196296241239917
SLAIN2.NP_065897.1:s391	0.24831589505334	0.166321349952068
SLC12A7.NP_006589.2:t30	0.677047935296513	0.163507092003463
SLC16A1.NP_001159968.1:s467	0.185013059431198	0.21828280750681
SLC20A2.NP_001244109.1:s256	0.415108695164563	0.176612975985934
SLC38A1.NP_001070952.1:s52	0.598045923588361	0.229363895550073
SLC38A10.NP_001033073.1:s802	0.499429445393581	0.178947863191339
SLC43A2.NP_001271427.1:s274	0.437096248955842	0.197427109937535
SLC4A2.NP_001186621.1:s173	0.569460191138509	0.196816697308506
SLC9A3R1.NP_004243.1:s280	0.716977092116822	0.197877752963556
SLTM.NP_001013865.1:s271	0.00766803701478274	0.207511204527319
SLTM.NP_001013865.1:s535	0.293005715914881	0.211349107827593
SMARCC2.NP_003066.2:s283	0.422820364077878	0.166166629907578
SMARCC2.NP_003066.2:t548	-0.0552650754950416	0.290291978687797
SNCG.NP_003078.2:t44	0.551577257546756	0.15124033901043
SNIP1.NP_078976.2:s35	0.370441342506249	0.198659286352591
SNRNP70.NP_003080.2:s226	0.531108002045239	0.176812993190771
SNTB1.NP_066301.1:s389	0.430321300526097	0.171023454357526
SNTB1.NP_066301.1:s87	0.589048000798259	0.204682739186189
SNTB1.NP_066301.1:t226	0.630029131196681	0.159435186770133
SNTB2.NP_006741.1:s110	0.301263522370304	0.159586548819365
SNTB2.NP_006741.1:s95	0.341998275893067	0.18283279938771
SNX2.NP_003091.2:s119	0.10032604097363	0.23159297724031
SORBS1.NP_001030128.1:s350	0.522123780814769	0.152337969594024
SORBS1.NP_001030128.1:s357	0.637552862662282	0.202857899569173
SORBS1.NP_001030128.1:s516	0.198795291565476	0.227811242944921
SORBS2.NP_001139143.1:s13	0.515515614845358	0.180815758410742
SORBS2.NP_001139143.1:s417	0.444684499405239	0.212432669436984
SORBS2.NP_001139143.1:s436	0.817278587206772	0.108682038426277
SP100.NP_003104.2:s157	0.39640682406244	0.209954630503553
SP110.NP_001171944.1:s250	0.553759762712	0.19956147925409
SP110.NP_001171944.1:s386	0.685942597431868	0.13912512971084
SPAG9.NP_001123999.1:s720	0.0207049190734612	0.230011912985415
SPATS2L.NP_001093892.1:s135	0.188026766579469	0.235752903797691
SPATS2L.NP_001093892.1:s531	0.418125858620287	0.248146791622255
SPECC1.NP_001028725.1:s847	0.362353520749251	0.212624021475543
SPECC1L.NP_001138940.3:s220	0.334048423954674	0.210265722466506
SPEN.NP_055816.2:s727	0.127837028665091	0.191542375660701
SPP1.NP_001035147.1:s234	0.625154978291205	0.14915765921761
SPTBN1.XP_005264575.1:s2089	0.559621124347343	0.167367502513984
SPTBN1.XP_005264575.1:s2148	0.316202047500511	0.22754191828293
SPTBN1.XP_005264575.1:s2328	0.0367033869677267	0.176342960596534
SPTBN1.XP_005264575.1:t2315	0.179451949070484	0.253844669844664
SQSTM1.NP_003891.1:s272	0.465529524254571	0.206220844315947
SQSTM1.NP_003891.1:t269	0.692647585072352	0.135556870800524
SRF.NP_003122.1:s224	0.280807282837479	0.204807607956662
SRFBP1.NP_689759.2:s203	0.58777707529744	0.160308520018946
SRRM1.NP_001290377.1:s234	0.322540422022452	0.155500899629329
SRRM1.NP_001290377.1:s402t406	-0.0149022167901973	0.249349449898916
SRRM1.NP_001290377.1:s461	0.162275992242753	0.205727853755748
SRRM1.NP_001290377.1:s609	0.381870579444108	0.184923294676428
SRRM1.NP_001290377.1:s628	0.381289742350221	0.191349728151478
SRRM1.NP_001290377.1:s750	0.369792430641429	0.214582963800304
SRRM1.NP_001290377.1:s886	0.334963594819628	0.238622043672494
SRRM1.NP_001290377.1:t220	0.219000680685498	0.201174292899809
SRRM1.NP_001290377.1:y608	0.228790829867018	0.202355641764403
SRRM2.NP_057417.3:s1083	0.338415795192218	0.211502563327645
SRRM2.NP_057417.3:s1124	0.267338663541685	0.202597057452886
SRRM2.NP_057417.3:s1179	0.114758619457911	0.212597687095798
SRRM2.NP_057417.3:s1320	0.098889879098467	0.227548859751881
SRRM2.NP_057417.3:s1326	0.211284820675472	0.225282463463258
SRRM2.NP_057417.3:s2132	0.260000888637189	0.184745522883977
SRRM2.NP_057417.3:s2272	-0.0160077387400928	0.252719708860042
SRRM2.NP_057417.3:s2398	0.0675340710413651	0.204911118208163
SRRM2.NP_057417.3:s2581	0.270967102004048	0.227571470318892
SRRM2.NP_057417.3:s994	0.24593099851537	0.221140061698399
SRRM2.NP_057417.3:t1003	0.154109639957687	0.19364471044714
SRRM2.NP_057417.3:t1413	-0.0684305603645169	0.244844872945193
SRRM2.NP_057417.3:t1492	0.393654636434054	0.194648691950398
SRRM2.NP_057417.3:t1531	0.153509797428191	0.253609505567621
SRRM2.NP_057417.3:t2289	-0.0450892355988085	0.198071369106185
SRRM2.NP_057417.3:t2409	0.00869697613549248	0.258061305630222
SRRM2.NP_057417.3:t866	0.352934795652314	0.216615695235346
SRRM2.NP_057417.3:t983	0.602222166050977	0.14937006299671
SRRT.NP_001122324.1:s74	0.117294070296472	0.258179535551649
SRSF1.NP_008855.1:s199	0.247429054013945	0.194488338009502
SRSF11.NP_001177916.1:s207	0.257504888004662	0.209834041055118
SRSF11.NP_001177916.1:s433	0.389879467738476	0.198810961180289
SRSF11.NP_001177916.1:s455	-0.0104294724164005	0.259107368663163
SRSF2.NP_001182356.1:s191	0.20436001239149	0.1994299789493
SRSF9.NP_003760.1:s211	0.53417348014298	0.186902603175617
SSB.NP_001281074.1:s366	0.434261401788007	0.202924423577078
SSH1.NP_061857.3:s583	0.460709170107661	0.212102656566242
SSH3.NP_060327.3:s37	0.283289051119313	0.212917179386954
SSRP1.NP_003137.1:s444	0.467724256888547	0.150359804093827
ST5.NP_005409.3:s515	0.308626946821263	0.167438269097263
STAG1.NP_005853.2:s1062	0.698095878338614	0.159204245974519
STAU1.NP_001032405.1:s95	0.607539821408448	0.155119984072764
STK11IP.NP_443134.3:s387	0.378878112731311	0.19595739427809
STK11IP.NP_443134.3:s761	0.335035642196771	0.225066645087728
STK3.NP_001243241.1:s344	0.311593123404087	0.159530451048515
STMN1.NP_005554.1:s16	0.108164028865335	0.182332425024188
STMN1.NP_005554.1:s38	0.522852253797738	0.178057821214282
STMN1.NP_005554.1:s63	0.292730385163491	0.264695847705853
STOM.NP_004090.4:s10	0.336243165272814	0.171210529517543
STUB1.NP_005852.2:s19	0.400350058255185	0.164499952654206
SVIL.XP_016872065.1:s306	0.167668917124739	0.193341162670363
SVIL.XP_016872065.1:s330	0.618251529773259	0.178189784314591
SVIL.XP_016872065.1:s355	0.464456177046656	0.193062576645923
SVIL.XP_016872065.1:s765	0.497876237862185	0.190087634807146
SVIL.XP_016872065.1:t715	0.557644387282404	0.176540646896173
SYAP1.NP_116185.2:t248	0.297698720119593	0.164011408356627
SYMPK.NP_004810.2:s1243	0.411940873780558	0.172463297633231
SYMPK.NP_004810.2:s1259	0.329952890506778	0.261782966534889
SYNPO.XP_006714818.1:s1028	0.786061877445628	0.109548057338404
SYNPO.XP_006714818.1:s1048	0.543718078714676	0.223739762356476
SYNPO2.NP_001273683.1:s1208	0.576638728511611	0.169875742929792
SYNPO2.NP_001273683.1:s212	0.653366797065566	0.182545406068494
SYNPO2.NP_001273683.1:s573	0.580246697429888	0.182684778239049
SYNRG.NP_001157016.1:t1022	0.211768543993289	0.269945203425232
TAF12.NP_001128690.1:s51	0.400430717467133	0.189770278445953
TAF3.NP_114129.1:s183	0.0541474968780984	0.158722359413259
TAGLN.NP_001001522.1:s181	0.478462687453845	0.16373636651012
TAGLN2.NP_001264152.1:s163	0.275266439786693	0.212659390872384
TANC2.NP_079461.2:s1722	0.59186091495191	0.188421848252426
TBC1D1.NP_001240841.1:s237	0.533393940426677	0.215870343158161
TBC1D1.NP_001240841.1:s627	0.360645831834153	0.224220899006725
TBC1D10B.NP_056342.3:s22	0.183673858131333	0.226029755481596
TBC1D10B.NP_056342.3:s678	0.229762196012823	0.170461866346486
TBC1D4.NP_001273587.1:s588	0.637609153256106	0.166628770914786
TBC1D5.NP_001127853.1:s43	0.521662502983786	0.181442108263514
TBC1D5.NP_001127853.1:s522	0.366433172542742	0.226881097676307
TBC1D5.NP_001127853.1:s752	0.125036815104039	0.195377082034868
TCEA1.NP_006747.1:s100	0.353984941528848	0.216871949208173
TCEAL3.NP_001006934.1:s121	0.375029026069105	0.211932481170733
TCEAL3.NP_001006934.1:s135	0.43542213716862	0.200853343412783
TCF20.NP_005641.1:s1005	0.496896088964238	0.217360563674086
TCOF1.NP_001128716.1:s1313	0.390382633939741	0.228096648523101
TCOF1.NP_001128716.1:s1341	0.37799814568612	0.207561445797572
TCOF1.NP_001128716.1:s381	0.537147670526279	0.180914145508822
TCOF1.NP_001128716.1:s906	0.641814833734692	0.16770626368074
TFRC.NP_001121620.1:s34	0.488614958997868	0.177598717814944
TGFB1I1.NP_001035919.1:s403	0.717478361055575	0.170202139417312
THOC2.NP_001075019.1:t1443	0.111624942005884	0.241232776738467
THOC5.NP_001002877.1:t328	0.243274231453894	0.241366787739821
THRAP3.NP_001308400.1:s248	0.257986682802712	0.177403060847827
THRAP3.NP_001308400.1:s320	-0.00285935559406167	0.228792103156053
THRAP3.NP_001308400.1:s379	0.205866172783056	0.222655553699779
THRAP3.NP_001308400.1:s575	0.246439710335791	0.184757401886395
THRAP3.NP_001308400.1:s682	0.267261366367166	0.226767448338985
TICRR.NP_001294954.1:s598	0.432975264703584	0.203480775370542
TJAP1.NP_001139488.1:t422	0.3375729121137	0.196419906766903
TJP1.NP_001287954.1:s1178	0.113012458131711	0.176342891104912
TJP1.NP_001287954.1:s684	0.533288445576121	0.217975987999384
TJP1.NP_001287954.1:s979	0.468613455154609	0.17993249636632
TJP2.NP_001163887.1:s1017	0.599736445536383	0.182429669974024
TJP2.NP_001163887.1:s1190	0.600661351526733	0.150582299477601
TMCC3.NP_065749.2:s216	0.833575018952165	0.112177158006791
TMEM100.NP_001093110.1:s121	0.611650395358916	0.168387063327237
TMEM115.NP_008955.1:t329	0.422896885119446	0.175675021796109
TMEM40.NP_001271335.1:s153	0.24115415689645	0.182963697020407
TMEM94.NP_001308077.1:s455	0.374038800588635	0.211416282266361
TMPO.NP_001027454.1:s184	0.293013165829146	0.201684505060666
TMPO.NP_001027454.1:s306	0.395948147014312	0.192618922195105
TMPO.NP_001027454.1:t160	0.245437473517795	0.17544969796123
TMPO.NP_001027454.1:t74	0.696006003588038	0.163710759279739
TMPO.NP_003267.1:t160	0.249333388963869	0.175092193383416
TMPO.NP_003267.1:t74	0.696006003588038	0.163710759279739
TMSB4X.NP_066932.1:t23	0.103601396074357	0.203605570396263
TMSB4X.NP_066932.1:t34	0.197317742664721	0.212538452123504
TMX1.NP_110382.3:s247	0.353721746065901	0.20408185004717
TMX1.NP_110382.3:s270	0.414780247575069	0.214228005534865
TNIK.NP_001155032.1:s769	0.558291315152108	0.150740448656611
TNKS1BP1.NP_203754.2:s1029	0.229967950228184	0.200196130128865
TNKS1BP1.NP_203754.2:s1385	0.289295711089783	0.179052415061883
TNKS1BP1.NP_203754.2:s1666	0.162233399999449	0.155400429627245
TNKS1BP1.NP_203754.2:s221	0.324700874629779	0.200736371394003
TNKS1BP1.NP_203754.2:s429	0.54207818522189	0.173304701809021
TNKS1BP1.NP_203754.2:s601	0.249407086107895	0.235813639245387
TNKS1BP1.NP_203754.2:s672	0.0191973028235179	0.207790536520712
TNKS1BP1.NP_203754.2:s872	0.148244792495745	0.222633210396915
TNKS1BP1.NP_203754.2:s893	0.114837979200585	0.227926649490211
TNS1.NP_001294951.1:s1035	0.744636937701134	0.156495247691484
TNS1.NP_001294951.1:s1164	0.614923311584198	0.133921408895695
TNS1.NP_001294951.1:s1256	0.59520458492473	0.191058130722165
TNS1.NP_001294951.1:s1301	0.476447735596106	0.140034838974365
TNS1.NP_001294951.1:s1368	0.573449605337442	0.177551386039408
TNS1.NP_001294951.1:s764	0.530047348546838	0.194050856688006
TNS1.NP_001294951.1:s772	0.591450538808818	0.200313342598888
TNS3.NP_073585.8:s660	0.578652610088417	0.201597034829155
TNS3.NP_073585.8:s776	0.339216593883093	0.201783859580184
TOMM70.NP_055635.3:s91	0.445915588989022	0.189772288550681
TOP2A.NP_001058.2:s1106	0.692505977098314	0.138663743269722
TOP2B.NP_001059.2:s1547	0.545474288065515	0.206204516695535
TP53BP1.NP_001135452.1:s1033	0.278206250049199	0.19773941363053
TP53BP1.NP_001135452.1:s1073	0.458035893300248	0.18969715216447
TP53BP1.NP_001135452.1:s1322	0.645806690560957	0.152935470820374
TP53BP1.NP_001135452.1:s1683	0.738179662520731	0.157981837839273
TP53BP1.NP_001135452.1:s385	0.284131265535679	0.160189923310472
TP53BP2.NP_001026855.2:s704	0.477967779968751	0.171323387220786
TP53I11.NP_001245249.1:s14	0.522990439087746	0.213291247014493
TPD52.NP_001020423.1:s176	0.469413024829836	0.201490809084638
TPD52L1.NP_001003395.1:s108	0.59651572099532	0.160484838365342
TPD52L2.NP_003279.2:s166	0.302580277168222	0.19377329979519
TPI1.NP_000356.1:s21	0.273661356584926	0.173418457798592
TPR.NP_003283.2:s2155	0.422172999252742	0.197466064781097
TPR.NP_003283.2:t2137	0.205870130127425	0.190542594577724
TRAM1.NP_001304733.1:s334	0.561908991819824	0.18325533965268
TRIM25.NP_005073.2:s100	0.368166403349086	0.14051066349059
TRIM28.NP_005753.1:s471	0.0140438073317909	0.204234981356036
TRIM28.NP_005753.1:s473	0.227093098245293	0.177720635935373
TRIM3.NP_001234935.1:s7	0.22994331678648	0.215655556623121
TRIM47.NP_258411.2:s588	0.258242370672615	0.203730840745821
TRIO.NP_009049.2:s1724	0.2475035232302	0.162375228863081
TRIP12.NP_001271143.1:s354	0.268769533524476	0.185428975600667
TRPS1.NP_001269831.1:s131	0.494514417199113	0.188604117194848
TRPS1.NP_001269831.1:s896	0.532671298945105	0.207934518540696
TRRAP.NP_001231509.1:s2051	0.085668468920118	0.223017126093515
TSC2.NP_000539.2:s1254	0.518525701547029	0.197663970384961
TSC2.NP_000539.2:s1411	0.539484544714247	0.133798911009078
TTC33.NP_036514.1:s197	0.292660827709404	0.186942912398056
U2SURP.NP_001073884.1:s67	0.404499022556116	0.25080070140357
UBA1.NP_003325.2:s810	0.381528816600711	0.214855892822026
UBAC1.NP_057256.2:s98	0.668683317779487	0.148008749285948
UBE2J1.NP_057105.2:s266	0.409052552542596	0.257285422335435
UBR4.NP_065816.2:s3860	0.149307798527323	0.238962430740705
UGDH.NP_003350.1:s476	0.0573753583751144	0.240592549085078
UHRF2.NP_690856.1:s667	0.625996955758661	0.171071327965959
UIMC1.NP_001186226.1:s653	0.147970496923851	0.230789268610008
USP14.NP_001032411.1:s108	-0.00184962419683032	0.223319611376951
USP24.NP_056121.2:s2047	0.36323343553952	0.178966730209335
USP24.NP_056121.2:s2604	0.193982473733212	0.202479614490199
USP6NL.NP_001073960.1:s413	0.467506563322419	0.183270177780956
USP8.NP_001122082.1:s718	0.281628688715353	0.218117786073976
USP8.NP_001122082.1:t577	0.365524503280533	0.168968782846085
VAV2.NP_003362.2:s771	0.585510847013389	0.14954627577367
VDAC1.NP_003365.1:s104	0.258226301606817	0.199455930297533
VDAC2.NP_001171712.1:s130	0.545689816412829	0.197968546041165
VGLL4.NP_055482.2:s52	0.283734411202419	0.203435355555114
VIM.NP_003371.2:s430	0.386407793244044	0.212692633771961
VIM.NP_003371.2:s51	0.329481840674161	0.21804399071051
VIM.NP_003371.2:s56	0.535434578508078	0.226547822864708
VIM.NP_003371.2:s72	0.474262335229186	0.201881455099628
VIM.NP_003371.2:t436	0.315820357789663	0.195177226168055
VIPAS39.NP_001180243.1:s121	0.27723959473801	0.232452053272015
VPS13D.NP_056193.2:s1042	0.225815131031094	0.187727519027073
VPS13D.NP_056193.2:s1138	0.248573415433437	0.205739084317327
VPS26B.NP_443107.1:s304	0.30946313236851	0.223037880581685
WASHC2C.NP_001317003.1:s284	0.350721459864863	0.19663548922877
WDCP.NP_079479.1:s690	0.347669167561385	0.194713073426844
WDR20.NP_001229345.1:s373	0.355525082728493	0.18540778145762
WDR20.NP_001229345.1:s430	0.103104608644862	0.279184345080639
WDR43.NP_055946.1:t394	0.294121869988929	0.216946451538755
WDR44.NP_001171894.1:s403	0.2175486504462	0.205950204016276
WDR44.NP_001171894.1:t219	0.53873456882892	0.201718498715577
WDR77.NP_001303991.1:t5	0.398682725870723	0.146092846614984
WNK1.NP_001171914.1:s167	0.667975715766844	0.166393324803972
WNK1.NP_001171914.1:s2292	0.639583843646857	0.164398641448215
WRAP53.NP_001137462.1:s54	0.203209478053286	0.238560978929339
WRNIP1.NP_064520.2:s75	0.611945368422846	0.188869009080644
YAP1.NP_001123617.1:s382	0.33874065612047	0.193885819272688
YRDC.NP_078916.3:s37	0.407507997815618	0.212846847386062
YTHDC1.NP_001026902.1:s308	0.476809172635488	0.182812058601119
ZBTB21.NP_001091872.1:s714	-0.10042424838335	0.183235081571206
ZC2HC1A.NP_057094.2:s292	0.604855678307551	0.203179156756971
ZC3H13.NP_001070256.1:s1208	0.381827082660115	0.190591671480134
ZC3H13.NP_001070256.1:s198	0.504104925916278	0.207646872186387
ZC3H13.NP_001070256.1:s877	0.256339485889209	0.185910188195065
ZC3H13.NP_001070256.1:t1033	0.00817042527949338	0.272413863228829
ZC3H15.NP_060941.2:s381	0.304052431232679	0.160206525908407
ZC3H18.NP_001281269.1:s866	0.393968419270758	0.175198327998048
ZC3HAV1.NP_064504.2:s275	0.205250318187909	0.217523069408286
ZC3HAV1.NP_064504.2:s284	0.242734867793118	0.197502752396307
ZC3HC1.NP_057562.3:s321	0.476383308074213	0.17718071624284
ZC3HC1.NP_057562.3:s344	0.267424167394857	0.165839556887652
ZC3HC1.NP_057562.3:s394	0.176071555750464	0.219624812040134
ZCCHC8.NP_001337864.1:s581	0.407043581760637	0.19269701057366
ZDHHC5.NP_056272.2:s380	0.235076270288645	0.215109466682185
ZDHHC5.NP_056272.2:s415	0.219040277708861	0.218578734747507
ZDHHC5.NP_056272.2:s529	0.0801134212554458	0.211153334657476
ZFC3H1.NP_659419.3:t766	0.409997217118528	0.225558422357269
ZFHX3.NP_008816.3:s571	0.33221009706798	0.211781593573085
ZFP36L1.NP_001231627.1:s54	0.177119204349604	0.158668540086838
ZFR.NP_057191.2:s1054	0.27282822967065	0.192941977115344
ZFYVE19.NP_001070736.1:s144	0.57115420472091	0.214991768973148
ZFYVE26.NP_056161.2:s297	0.48837638609192	0.166076674064393
ZKSCAN1.NP_001333510.1:s13	0.315028307130194	0.236450925236822
ZKSCAN1.NP_001333510.1:s208	0.166092231080139	0.210449953008053
ZMYM3.NP_005087.1:s464	0.725852949906406	0.182984656034069
ZMYM4.NP_001337067.1:s1149	0.23853524248776	0.171879313418292
ZMYM4.NP_001337067.1:s90	0.351306901181462	0.175195423124829
ZMYND8.NP_001268702.1:s425	0.369779771644503	0.183306021718886
ZMYND8.NP_001268702.1:s460	0.131449291821716	0.259153497231947
ZMYND8.NP_001268702.1:s756	0.550101970803044	0.166351594705373
ZNF185.NP_001171579.1:s466	0.727400736581629	0.139907344650893
ZNF185.XP_005274803.1:s379	0.759871705902109	0.134374449517911
ZNF280C.NP_060136.1:s80	0.281004582773999	0.163148618589404
ZNF462.NP_067047.4:s350	0.322424885072531	0.185740662953507
ZNF609.NP_055857.1:s491	0.246184865196326	0.228776652710543
ZNF609.NP_055857.1:s576	0.532105243393466	0.184356150135275
ZNF687.NP_001291692.1:s1057	0.417911060046679	0.2048834945882
ZNF687.NP_001291692.1:s271	0.377741258018824	0.176897298002386
ZNF687.NP_001291692.1:s433	0.200302971776278	0.248799410330695
ZNF768.NP_078947.3:s125	0.447088956972519	0.207090327046682
ZRANB2.NP_005446.2:s120	0.266738377477999	0.217716694553929
ZRANB2.NP_005446.2:s153	0.47793970138849	0.214270054563318
ZRANB2.NP_005446.2:s188	0.445225796703667	0.176139943307462
ZRANB2.NP_005446.2:s307	0.180480687860646	0.174853426508364
ZRSR2.NP_005080.1:s349	0.328101602019245	0.173309933099665
ZYX.NP_001010972.1:s344	0.579910985735706	0.187492623827141
ZZZ3.NP_056349.1:s113	0.265298816065384	0.184164943157095
